Security ID,Company Name,Symbol,domain,indicator,,,count 11
138576,Baring High Yield Bond Fund,IE0000835953,https://www.barings.com/lu/institutional,3858,Factsheet,,
138577,Baring High Yield Bond Fund,IE0033156484,https://www.barings.com/lu/institutional,3858,Factsheet,,
138578,Baring High Yield Bond Fund,IE0032158457,https://www.barings.com/ie/professional-investor,3858,Factsheet,,
138579,Baring High Yield Bond Fund,IE00B6TMN219,https://www.barings.com/lu/institutional,3858,Factsheet,,
138580,Baring High Yield Bond Fund (Hedged) DIST,IE00B7YBBB53,https://www.barings.com/lu/institutional,3858,Factsheet,,
138675,Baring ASEAN Frontiers Fund,IE00B59JG481,https://www.barings.com/lu/institutional,3858,Factsheet,,
138676,Baring ASEAN Frontiers Fund,IE0000830236,https://www.barings.com/lu/institutional,3858,Factsheet,,
138685,Baring HongKong China Fund,IE00B7JY6H00,https://www.barings.com/lu/institutional,3858,Factsheet,,
138686,Baring HongKong China Fund,IE0000829238,https://www.barings.com/lu/institutional,3858,Factsheet,,
140871,BARING EUROPE SELECT TRUST - A INCOME (GBP),GB0000796242,https://www.barings.com/ch/institutional/funds/,3858,Factsheet,,
140872,BARING KOREA TRUST FUND A ACC (GBP),GB0000840719,https://www.barings.com/ch/institutional/funds/,3858,Factsheet,,
138576,Baring High Yield Bond Fund,IE0000835953,https://www.barings.com/lu/institutional,3859,Prospectus,,
138577,Baring High Yield Bond Fund,IE0033156484,https://www.barings.com/lu/institutional,3859,Prospectus,,
138578,Baring High Yield Bond Fund,IE0032158457,https://www.barings.com/ie/professional-investor,3859,Prospectus,,
138579,Baring High Yield Bond Fund,IE00B6TMN219,https://www.barings.com/lu/institutional,3859,Prospectus,,
138580,Baring High Yield Bond Fund (Hedged) DIST,IE00B7YBBB53,https://www.barings.com/lu/institutional,3859,Prospectus,,
138675,Baring ASEAN Frontiers Fund,IE00B59JG481,https://www.barings.com/lu/institutional,3859,Prospectus,,
138676,Baring ASEAN Frontiers Fund,IE0000830236,https://www.barings.com/lu/institutional,3859,Prospectus,,
138685,Baring HongKong China Fund,IE00B7JY6H00,https://www.barings.com/lu/institutional,3859,Prospectus,,
138686,Baring HongKong China Fund,IE0000829238,https://www.barings.com/lu/institutional,3859,Prospectus,,
140871,BARING EUROPE SELECT TRUST - A INCOME (GBP),GB0000796242,https://www.barings.com/ch/institutional/funds/,3859,Prospectus,,
140872,BARING KOREA TRUST FUND A ACC (GBP),GB0000840719,https://www.barings.com/ch/institutional/funds/,3859,Prospectus,,
