"isin name","master_id","factsheet_link","prospectus_link"
"IE0000835953","138576","https://bwebprod.azureedge.net/assets/user/media/developed-and-emerging-markets-high-yield-bond-fund-factsheet-institutional.PDF?ver=1643922417","https://bwebprod.blob.core.windows.net/assets/user/media/barings-umbrella-fund-prospectus-en-lu.pdf"
"IE0033156484","138577","https://bwebprod.azureedge.net/assets/user/media/developed-and-emerging-markets-high-yield-bond-fund-factsheet-institutional.PDF?ver=1643922417","https://bwebprod.blob.core.windows.net/assets/user/media/barings-umbrella-fund-prospectus-en-lu.pdf"
"IE00B6TMN219","138579","https://bwebprod.azureedge.net/assets/user/media/developed-and-emerging-markets-high-yield-bond-fund-factsheet-institutional.PDF?ver=1643922417","https://bwebprod.blob.core.windows.net/assets/user/media/barings-umbrella-fund-prospectus-en-lu.pdf"
"IE00B7YBBB53","138580","https://bwebprod.azureedge.net/assets/user/media/developed-and-emerging-markets-high-yield-bond-fund-factsheet-institutional.PDF?ver=1643922417","https://bwebprod.blob.core.windows.net/assets/user/media/barings-umbrella-fund-prospectus-en-lu.pdf"
"IE00B59JG481","138675","https://bwebprod.azureedge.net/assets/user/media/asean-frontiers-fund-factsheet-institutional.PDF?ver=1643922407","https://bwebprod.blob.core.windows.net/assets/user/media/barings-international-umbrella-fund-prospectus-lu.pdf"
"IE0000830236","138676","https://bwebprod.azureedge.net/assets/user/media/asean-frontiers-fund-factsheet-institutional.PDF?ver=1643922407","https://bwebprod.blob.core.windows.net/assets/user/media/barings-international-umbrella-fund-prospectus-lu.pdf"
"IE00B7JY6H00","138685","https://bwebprod.azureedge.net/assets/user/media/hong-kong-china-fund-factsheet-institutional.PDF?ver=1643922391","https://bwebprod.blob.core.windows.net/assets/user/media/barings-international-umbrella-fund-prospectus-lu.pdf"
"IE0000829238","138686","https://bwebprod.azureedge.net/assets/user/media/hong-kong-china-fund-factsheet-institutional.PDF?ver=1643922391","https://bwebprod.blob.core.windows.net/assets/user/media/barings-international-umbrella-fund-prospectus-lu.pdf"
"IE0032158457","138578","https://bwebprod.azureedge.net/assets/user/media/developed-and-emerging-markets-high-yield-bond-fund-factsheet-institutional.PDF?ver=1643922417","https://bwebprod.blob.core.windows.net/assets/user/media/barings-umbrella-fund-prospectus-en.pdf"
"GB0000796242","140871","https://bwebprod.azureedge.net/assets/user/media/europe-select-trust-factsheet-institutional.PDF?ver=1643922386","https://bwebprod.blob.core.windows.net/assets/user/media/baring-fund-managers-ltd-prospectus-en.pdf"
"GB0000840719","140872","https://bwebprod.azureedge.net/assets/user/media/korea-trust-factsheet-retail.PDF?ver=1643922396","https://bwebprod.blob.core.windows.net/assets/user/media/baring-fund-managers-ltd-prospectus-en.pdf"
