Security ID,Company Name,Symbol,,,,,,,count=24
138019,Neuberger Berman 5G Connectivity Fund USD A Accumulating Class,IE00BMPRXN33,https://www.nb.com/en/sg/products/ucits-funds/5g-connectivity-fund,https://www.fundinfo.com/en/HK-priv/LandingPage?query=IE00BMPRXN33,3858,Factsheet,,,
138020,Neuberger Berman Emerging Market Debt - Hard Currency Fund USD A Accumulating Class,IE00B986J944,https://www.nb.com/en/sg/products/ucits-funds/emerging-market-debt-hard-currency-fund,https://www.fundinfo.com/en/HK-priv/LandingPage?query=IE00BMPRXN33,3858,Factsheet,,,
138021,Neuberger Berman Strategic Income Fund A USD Monthly Distributing Class,IE00B7BTH691,https://www.nb.com/en/sg/products/ucits-funds/ucits-strategic-income-fund,https://www.fundinfo.com/en/HK-priv/LandingPage?query=IE00BMPRXN33,3858,Factsheet,,,
138092,Neuberger Berman Emerging Market Debt Blend Fund USD A Accumulating,IE00BK4YYX88,https://www.nb.com/en/sg/products/ucits-funds/emerging-market-debt-blend-fund,https://www.fundinfo.com/en/SG-priv/LandingPage?query=IE00BK4YYX88,3858,Factsheet,,,
138093,Neuberger Berman Uncorrelated Strategies Fund SGD Hedged A Accumulating Class,IE00BGR6TZ09,,https://www.fundinfo.com/en/SG-priv/LandingPage?query=IE00BF076L85,3858,Factsheet,,,
138179,Neuberger Berman Uncorrelated Strategies Fund USD A Accumulating Class,IE00BF076L85,https://www.nb.com/en/sg/products/ucits-funds/uncorrelated-strategies-fund,https://www.fundinfo.com/en/SG-priv/LandingPage?query=IE00BF076L85,3858,Factsheet,,,
138562,Neuberger Berman Strategic Income Fund (ACC),IE00B87L2R26,https://www.nb.com/en/sg/products/ucits-funds/ucits-strategic-income-fund,https://www.fundinfo.com/en/HK-priv/LandingPage?query=IE00B87L2R26,3858,Factsheet,,,
138563,Neuberger Berman Strategic Income Fund (Dist) Hedged,IE00BQR9PJ58,https://www.nb.com/en/sg/products/ucits-funds/ucits-strategic-income-fund,https://www.fundinfo.com/en/HK-priv/LandingPage?query=IE00BQR9PJ58,3858,Factsheet,,,
138564,Neuberger Berman Strategic Income Fund (Dist) Hedged,IE00BRJFZD22,,https://www.fundinfo.com/en/HK-priv/LandingPage?query=IE00BRJFZD22,3858,Factsheet,,,
138606,Neuberger Berman Emerging Market Debt -Hard Currency Fund (Dist),IE00B986J720,https://www.nb.com/en/sg/products/ucits-funds/emerging-market-debt-hard-currency-fund,https://www.fundinfo.com/en/HK-priv/LandingPage?query=IE00B986J720,3858,Factsheet,,,
138607,Neuberger Berman Emerging Market Debt -Hard Currency Fund Acc),IE00B986FT65,,https://www.fundinfo.com/en/CH-priv/LandingPage?query=IE00B986FT65,3858,Factsheet,,,
138608,Neuberger Berman Emerging Market Debt -Hard Currency Fund Dist),IE00B986FR42,,https://www.fundinfo.com/en/CH-priv/LandingPage?query=IE00B986FR42,3858,Factsheet,,,
138699,Neuberger Berman 5G Connectivity Fund,IE00BMPRXS87,,https://www.fundinfo.com/en/CH-priv/LandingPage?query=IE00BMPRXS87,3858,Factsheet,,,
138700,Neuberger Berman 5G Connectivity Fund,IE00BMPRXP56,https://www.nb.com/en/sg/products/ucits-funds/5g-connectivity-fund,https://www.fundinfo.com/en/CH-priv/LandingPage?query=IE00BMPRXP56,3858,Factsheet,,,
138710,Neuberger Berman Uncorrelated Strategies Fund (ACC) EUR,IE00BDC3ND11,,https://www.fundinfo.com/en/SG-priv/LandingPage?query=IE00BDC3ND11,3858,Factsheet,,,
140912,Neuberger Berman 5G Connectivity Fund A Acc (SGD-H),IE00BMPRXR70,https://www.nb.com/en/sg/products/ucits-funds/5g-connectivity-fund,https://www.fundinfo.com/en/CH-priv/LandingPage?query=IE00BMPRXR70,3858,Factsheet,,,
140913,Neuberger Berman 5G Connectivity Fund A Acc (AUD-H),IE00BMPRXT94,https://www.nb.com/en/sg/products/ucits-funds/5g-connectivity-fund,https://www.fundinfo.com/en/CH-priv/LandingPage?query=IE00BMPRXT94,3858,Factsheet,,,
140894,NB EMD Hard Currency Fund A Mdist (SGD-H) - Cash,IE00B99K3R14,https://www.nb.com/en/sg/products/ucits-funds/emerging-market-debt-hard-currency-fund,https://www.fundinfo.com/en/SG-priv/LandingPage?query=IE00B99K3R14,3858,Factsheet,,,
140899,NB EMD Hard Currency Fund A Mdist (AUD-H) - Cash,IE00BF0K7B44,https://www.nb.com/en/sg/products/ucits-funds/emerging-market-debt-hard-currency-fund,https://www.fundinfo.com/en/HK-priv/LandingPage?query=IE00B99K3R14,3858,Factsheet,,,
140911,NB EMD BLEND FUND A MDIST (SGD-H) - CASH,IE00BMN93084,,https://www.fundinfo.com/en/SG-priv/LandingPage?query=IE00B99K3R14,3858,Factsheet,,,
140915,NB US STRATEGIC INCOME FUND A ACC (SGD-H),IE00BQSBQV90,https://www.nb.com/en/sg/products/ucits-funds/ucits-strategic-income-fund,Factsheet not found,3858,Factsheet,,,
140916,NB US STRATEGIC INCOME FUND A MDIST (AUD-H) CASH,IE00BRJFZ213,https://www.nb.com/en/sg/products/ucits-funds/ucits-strategic-income-fund,https://www.fundinfo.com/en/SG-prof/LandingPage?query,3858,Factsheet,,,
140917,NB US STRATEGIC INCOME FUND A MDIST (SGD-H) CASH,IE00BRJFZM13,https://www.nb.com/en/sg/products/ucits-funds/ucits-strategic-income-fund,https://www.fundinfo.com/en/SG-prof/LandingPage?query,3858,Factsheet,,,
140918,NB EMD BLEND FUND A MDIST (USD) - CASH,IE00BRJTF125,,Factsheet not found,3858,Factsheet,,,
138019,Neuberger Berman 5G Connectivity Fund USD A Accumulating Class,IE00BMPRXN33,https://www.nb.com/en/sg/products/ucits-funds/5g-connectivity-fund,https://www.fundinfo.com/en/HK-priv/LandingPage?query=IE00BMPRXN33,3859,Prospectus,,,
138020,Neuberger Berman Emerging Market Debt - Hard Currency Fund USD A Accumulating Class,IE00B986J944,https://www.nb.com/en/sg/products/ucits-funds/emerging-market-debt-hard-currency-fund,https://www.fundinfo.com/en/HK-priv/LandingPage?query=IE00BMPRXN33,3859,Prospectus,,,
138021,Neuberger Berman Strategic Income Fund A USD Monthly Distributing Class,IE00B7BTH691,https://www.nb.com/en/sg/products/ucits-funds/ucits-strategic-income-fund,https://www.fundinfo.com/en/HK-priv/LandingPage?query=IE00BMPRXN33,3859,Prospectus,,,
138092,Neuberger Berman Emerging Market Debt Blend Fund USD A Accumulating,IE00BK4YYX88,https://www.nb.com/en/sg/products/ucits-funds/emerging-market-debt-blend-fund,https://www.fundinfo.com/en/HK-priv/LandingPage?query=IE00BMPRXN33,3859,Prospectus,,,
138093,Neuberger Berman Uncorrelated Strategies Fund SGD Hedged A Accumulating Class,IE00BGR6TZ09,,https://www.fundinfo.com/en/HK-priv/LandingPage?query=IE00BMPRXN33,3859,Prospectus,,,
138179,Neuberger Berman Uncorrelated Strategies Fund USD A Accumulating Class,IE00BF076L85,https://www.nb.com/en/sg/products/ucits-funds/uncorrelated-strategies-fund,https://www.fundinfo.com/en/HK-priv/LandingPage?query=IE00BMPRXN33,3859,Prospectus,,,
138562,Neuberger Berman Strategic Income Fund (ACC),IE00B87L2R26,https://www.nb.com/en/sg/products/ucits-funds/ucits-strategic-income-fund,https://www.fundinfo.com/en/HK-priv/LandingPage?query=IE00BMPRXN33,3859,Prospectus,,,
138563,Neuberger Berman Strategic Income Fund (Dist) Hedged,IE00BQR9PJ58,https://www.nb.com/en/sg/products/ucits-funds/ucits-strategic-income-fund,https://www.fundinfo.com/en/HK-priv/LandingPage?query=IE00BMPRXN33,3859,Prospectus,,,
138564,Neuberger Berman Strategic Income Fund (Dist) Hedged,IE00BRJFZD22,,https://www.fundinfo.com/en/HK-priv/LandingPage?query=IE00BMPRXN33,3859,Prospectus,,,
138606,Neuberger Berman Emerging Market Debt -Hard Currency Fund (Dist),IE00B986J720,https://www.nb.com/en/sg/products/ucits-funds/emerging-market-debt-hard-currency-fund,https://www.fundinfo.com/en/HK-priv/LandingPage?query=IE00BMPRXN33,3859,Prospectus,,,
138607,Neuberger Berman Emerging Market Debt -Hard Currency Fund Acc),IE00B986FT65,,https://www.fundinfo.com/en/HK-priv/LandingPage?query=IE00BMPRXN33,3859,Prospectus,,,
138608,Neuberger Berman Emerging Market Debt -Hard Currency Fund Dist),IE00B986FR42,,https://www.fundinfo.com/en/HK-priv/LandingPage?query=IE00BMPRXN33,3859,Prospectus,,,
138699,Neuberger Berman 5G Connectivity Fund,IE00BMPRXS87,,https://www.fundinfo.com/en/HK-priv/LandingPage?query=IE00BMPRXN33,3859,Prospectus,,,
138700,Neuberger Berman 5G Connectivity Fund,IE00BMPRXP56,https://www.nb.com/en/sg/products/ucits-funds/5g-connectivity-fund,https://www.fundinfo.com/en/HK-priv/LandingPage?query=IE00BMPRXN33,3859,Prospectus,,,
138710,Neuberger Berman Uncorrelated Strategies Fund (ACC) EUR,IE00BDC3ND11,,https://www.fundinfo.com/en/HK-priv/LandingPage?query=IE00BMPRXN33,3859,Prospectus,,,
140912,Neuberger Berman 5G Connectivity Fund A Acc (SGD-H),IE00BMPRXR70,https://www.nb.com/en/sg/products/ucits-funds/5g-connectivity-fund,https://www.fundinfo.com/en/HK-priv/LandingPage?query=IE00BMPRXN33,3859,Prospectus,,,
140913,Neuberger Berman 5G Connectivity Fund A Acc (AUD-H),IE00BMPRXT94,https://www.nb.com/en/sg/products/ucits-funds/5g-connectivity-fund,https://www.fundinfo.com/en/HK-priv/LandingPage?query=IE00BMPRXN33,3859,Prospectus,,,
140894,NB EMD Hard Currency Fund A Mdist (SGD-H) - Cash,IE00B99K3R14,https://www.nb.com/en/sg/products/ucits-funds/emerging-market-debt-hard-currency-fund,https://www.fundinfo.com/en/HK-priv/LandingPage?query=IE00BMPRXN33,3859,Prospectus,,,
140899,NB EMD Hard Currency Fund A Mdist (AUD-H) - Cash,IE00BF0K7B44,https://www.nb.com/en/sg/products/ucits-funds/emerging-market-debt-hard-currency-fund,https://www.fundinfo.com/en/HK-priv/LandingPage?query=IE00BMPRXN33,3859,Prospectus,,,
140911,NB EMD BLEND FUND A MDIST (SGD-H) - CASH,IE00BMN93084,,https://www.fundinfo.com/en/HK-priv/LandingPage?query=IE00BMPRXN33,3859,Prospectus,,,
140915,NB US STRATEGIC INCOME FUND A ACC (SGD-H),IE00BQSBQV90,https://www.nb.com/en/sg/products/ucits-funds/ucits-strategic-income-fund,https://www.fundinfo.com/en/HK-priv/LandingPage?query=IE00BMPRXN33,3859,Prospectus,,,
140916,NB US STRATEGIC INCOME FUND A MDIST (AUD-H) CASH,IE00BRJFZ213,https://www.nb.com/en/sg/products/ucits-funds/ucits-strategic-income-fund,https://www.fundinfo.com/en/HK-priv/LandingPage?query=IE00BMPRXN33,3859,Prospectus,,,
140917,NB US STRATEGIC INCOME FUND A MDIST (SGD-H) CASH,IE00BRJFZM13,https://www.nb.com/en/sg/products/ucits-funds/ucits-strategic-income-fund,https://www.fundinfo.com/en/HK-priv/LandingPage?query=IE00BMPRXN33,3859,Prospectus,,,
140918,NB EMD BLEND FUND A MDIST (USD) - CASH,IE00BRJTF125,,https://www.fundinfo.com/en/HK-priv/LandingPage?query=IE00BMPRXN33,3859,Prospectus,,,