"master id","isin name","factsheet link","prospectus link"
"138019","IE00BMPRXN33","https://api.fundinfo.com/document/8a92771aad34da4d3a0a0f61aa4e0838_1774459/MR_LU_en_IE00BMPRXN33_RES_2022-01-31.pdf?apiKey=b9934aa2-1a83-4286-b11b-c8415da9e581","https://api.fundinfo.com/document/4cd7e2a7969dba6cea8d01d9ad2da48e_2179261/PR_LU_en_IE00BMPRXN33_YES_2021-03-01.pdf?apiKey=b9934aa2-1a83-4286-b11b-c8415da9e581"
"138020","IE00B986J944","https://api.fundinfo.com/document/1bfeee85591164f72706876b79733474_1426421/MR_LU_en_IE00B986J944_RES_2022-01-31.pdf?apiKey=b9934aa2-1a83-4286-b11b-c8415da9e581","https://api.fundinfo.com/document/4cd7e2a7969dba6cea8d01d9ad2da48e_2179261/PR_LU_en_IE00B986J944_YES_2021-03-01.pdf?apiKey=b9934aa2-1a83-4286-b11b-c8415da9e581"
"138021","IE00B7BTH691","https://api.fundinfo.com/document/aa81b3589c95ab896a7f401606fa68c0_169691/MR_LU_en_IE00B7BTH691_RES_2022-01-31.pdf?apiKey=b9934aa2-1a83-4286-b11b-c8415da9e581","https://api.fundinfo.com/document/4cd7e2a7969dba6cea8d01d9ad2da48e_2179261/PR_LU_en_IE00B7BTH691_YES_2021-03-01.pdf?apiKey=b9934aa2-1a83-4286-b11b-c8415da9e581"
"138092","IE00BK4YYX88","https://api.fundinfo.com/document/dce2cfb19cffac5933c7b86cd551dc60_177069/MR_LU_en_IE00BK4YYX88_RES_2022-01-31.pdf?apiKey=b9934aa2-1a83-4286-b11b-c8415da9e581","https://api.fundinfo.com/document/4cd7e2a7969dba6cea8d01d9ad2da48e_2179261/PR_LU_en_IE00BK4YYX88_YES_2021-03-01.pdf?apiKey=b9934aa2-1a83-4286-b11b-c8415da9e581"
"138179","IE00BF076L85","https://api.fundinfo.com/document/5e9f8532bf8f247be340735b97aca60d_105462/MR_SG_en_IE00BF076L85_RES_2021-12-31.pdf?apiKey=b9934aa2-1a83-4286-b11b-c8415da9e581","https://api.fundinfo.com/document/beef3a9318a7bc6c2488b252ae0c3bd8_8023948/PR_SG_en_IE00BF076L85_YES_2022-01-12.pdf?apiKey=b9934aa2-1a83-4286-b11b-c8415da9e581"
"138562","IE00B87L2R26","https://api.fundinfo.com/document/b204262412e66c5ad259e3ba08124c6f_110605/MR_SG_en_IE00B87L2R26_RES_2021-12-31.pdf?apiKey=b9934aa2-1a83-4286-b11b-c8415da9e581","https://api.fundinfo.com/document/beef3a9318a7bc6c2488b252ae0c3bd8_8023948/PR_SG_en_IE00B87L2R26_YES_2022-01-12.pdf?apiKey=b9934aa2-1a83-4286-b11b-c8415da9e581"
"138563","IE00BQR9PJ58","https://api.fundinfo.com/document/cd984f5071f400a0dabc2dcf9a33feda_112077/MR_SG_en_IE00BQR9PJ58_RES_2021-12-31.pdf?apiKey=b9934aa2-1a83-4286-b11b-c8415da9e581","https://api.fundinfo.com/document/beef3a9318a7bc6c2488b252ae0c3bd8_8023948/PR_SG_en_IE00BQR9PJ58_YES_2022-01-12.pdf?apiKey=b9934aa2-1a83-4286-b11b-c8415da9e581"
"138564","IE00BRJFZD22","https://api.fundinfo.com/document/cd984f5071f400a0dabc2dcf9a33feda_112077/MR_SG_en_IE00BRJFZD22_RES_2021-12-31.pdf?apiKey=b9934aa2-1a83-4286-b11b-c8415da9e581","https://api.fundinfo.com/document/b93ec2004233db17a7de06d76444fd9c_8128530/PR_SG_en_IE00BRJFZD22_YES_2021-12-29.pdf?apiKey=b9934aa2-1a83-4286-b11b-c8415da9e581"
"138606","IE00B986J720","https://api.fundinfo.com/document/c7c8b2877e2a2677100b6729b67a999c_74155/MR_HK_en_IE00B986J720_YES_2021-12-31.pdf?apiKey=b9934aa2-1a83-4286-b11b-c8415da9e581","https://api.fundinfo.com/document/f30e6bbfa48dcb0831519f96d972ac3c_6342910/PR_HK_en_IE00B986J720_YES_2022-02-07.pdf?apiKey=b9934aa2-1a83-4286-b11b-c8415da9e581"
"138607","IE00B986FT65","https://api.fundinfo.com/document/b5134355bcf4d851ee2495548bb8b552_1426710/MR_CH_en_IE00B986FT65_RES_2022-01-31.pdf?apiKey=b9934aa2-1a83-4286-b11b-c8415da9e581","https://api.fundinfo.com/document/4cd7e2a7969dba6cea8d01d9ad2da48e_2179261/PR_CH_en_IE00B986FT65_YES_2021-03-01.pdf?apiKey=b9934aa2-1a83-4286-b11b-c8415da9e581"
"138699","IE00BMPRXS87","https://api.fundinfo.com/document/533fc1ab2b6bedcdab40e472ad66395a_1778773/MR_CH_en_IE00BMPRXS87_YES_2022-01-31.pdf?apiKey=b9934aa2-1a83-4286-b11b-c8415da9e581","https://api.fundinfo.com/document/4cd7e2a7969dba6cea8d01d9ad2da48e_2179261/PR_CH_en_IE00BMPRXS87_YES_2021-03-01.pdf?apiKey=b9934aa2-1a83-4286-b11b-c8415da9e581"
"138700","IE00BMPRXP56","https://api.fundinfo.com/document/fd9155b0085a9521b00629cb2209a19e_1778583/MR_CH_en_IE00BMPRXP56_YES_2022-01-31.pdf?apiKey=b9934aa2-1a83-4286-b11b-c8415da9e581","https://api.fundinfo.com/document/4cd7e2a7969dba6cea8d01d9ad2da48e_2179261/PR_CH_en_IE00BMPRXP56_YES_2021-03-01.pdf?apiKey=b9934aa2-1a83-4286-b11b-c8415da9e581"
"138710","IE00BDC3ND11","https://api.fundinfo.com/document/80a60440c40a6b47b99a5e7d6fe3a804_71565/MR_SG_en_IE00BDC3ND11_YES_2021-12-31.pdf?apiKey=b9934aa2-1a83-4286-b11b-c8415da9e581","https://api.fundinfo.com/document/beef3a9318a7bc6c2488b252ae0c3bd8_8023948/PR_SG_en_IE00BDC3ND11_YES_2022-01-12.pdf?apiKey=b9934aa2-1a83-4286-b11b-c8415da9e581"
"140912","IE00BMPRXR70","https://api.fundinfo.com/document/fc7cd34b5548d695c09ad270cc6c312c_1778692/MR_CH_en_IE00BMPRXR70_YES_2022-01-31.pdf?apiKey=b9934aa2-1a83-4286-b11b-c8415da9e581","https://api.fundinfo.com/document/4cd7e2a7969dba6cea8d01d9ad2da48e_2179261/PR_CH_en_IE00BMPRXR70_YES_2021-03-01.pdf?apiKey=b9934aa2-1a83-4286-b11b-c8415da9e581"
"140913","IE00BMPRXT94","https://api.fundinfo.com/document/d6c70fc9a837e0d534b45686b1ee7744_1777539/MR_CH_en_IE00BMPRXT94_YES_2022-01-31.pdf?apiKey=b9934aa2-1a83-4286-b11b-c8415da9e581","https://api.fundinfo.com/document/4cd7e2a7969dba6cea8d01d9ad2da48e_2179261/PR_CH_en_IE00BMPRXT94_YES_2021-03-01.pdf?apiKey=b9934aa2-1a83-4286-b11b-c8415da9e581"
"140894","IE00B99K3R14","https://api.fundinfo.com/document/11e41c610b6f698c846858a18a96f9ab_75892/MR_SG_en_IE00B99K3R14_YES_2021-12-31.pdf?apiKey=b9934aa2-1a83-4286-b11b-c8415da9e581","https://api.fundinfo.com/document/beef3a9318a7bc6c2488b252ae0c3bd8_8023948/PR_SG_en_IE00B99K3R14_YES_2022-01-12.pdf?apiKey=b9934aa2-1a83-4286-b11b-c8415da9e581"
"140916","IE00BRJFZ213","https://api.fundinfo.com/document/a8a1da1c68449190b7a395247e6d7bf9_77812/MR_HK_en_IE00BRJFZ213_YES_2021-12-31.pdf?apiKey=b9934aa2-1a83-4286-b11b-c8415da9e581","https://api.fundinfo.com/document/4cd7e2a7969dba6cea8d01d9ad2da48e_2179261/PR_LU_en_IE00BRJFZ213_YES_2021-03-01.pdf?apiKey=b9934aa2-1a83-4286-b11b-c8415da9e581"
"140917","IE00BRJFZM13","https://api.fundinfo.com/document/7dead82d55a91ba7455561c267896b68_79340/MR_SG_en_IE00BRJFZM13_YES_2021-12-31.pdf?apiKey=b9934aa2-1a83-4286-b11b-c8415da9e581","https://api.fundinfo.com/document/4cd7e2a7969dba6cea8d01d9ad2da48e_2179261/PR_LU_en_IE00BRJFZM13_YES_2021-03-01.pdf?apiKey=b9934aa2-1a83-4286-b11b-c8415da9e581"
"140918","IE00BRJTF125","","https://api.fundinfo.com/document/4cd7e2a7969dba6cea8d01d9ad2da48e_2179261/PR_LU_en_IE00BRJTF125_YES_2021-03-01.pdf?apiKey=b9934aa2-1a83-4286-b11b-c8415da9e581"
"140915","IE00BQSBQV90","","https://api.fundinfo.com/document/4cd7e2a7969dba6cea8d01d9ad2da48e_2179261/PR_LU_en_IE00BQSBQV90_YES_2021-03-01.pdf?apiKey=b9934aa2-1a83-4286-b11b-c8415da9e581"
"138093","IE00BGR6TZ09","",""
"138608","IE00B986FR42","","https://api.fundinfo.com/document/4cd7e2a7969dba6cea8d01d9ad2da48e_2179261/PR_LU_en_IE00B986FR42_YES_2021-03-01.pdf?apiKey=b9934aa2-1a83-4286-b11b-c8415da9e581"
"140899","IE00BF0K7B44","","https://api.fundinfo.com/document/4cd7e2a7969dba6cea8d01d9ad2da48e_2179261/PR_LU_en_IE00BF0K7B44_YES_2021-03-01.pdf?apiKey=b9934aa2-1a83-4286-b11b-c8415da9e581"
"140911","IE00BMN93084","","https://api.fundinfo.com/document/4cd7e2a7969dba6cea8d01d9ad2da48e_2179261/PR_LU_en_IE00BMN93084_YES_2021-03-01.pdf?apiKey=b9934aa2-1a83-4286-b11b-c8415da9e581"
