Security ID,Company Name,Symbol,Domin_ID
137997,Fidelity Enhanced Reserve Fund A-Acc USD,IE00BF5GRB76,https://www.fidelity.com.sg/
137998,Fidelity Funds - China High Yield Fund A-Acc-USD,LU1313547462,https://www.fidelity.com.sg/
137999,Fidelity Funds - European Dynamic Growth Fund A-DIST-EUR,LU0119124781,https://www.fidelity.com.sg/
138000,Fidelity Funds - Global Dividend Fund A-MINCOME(G)-AUD (hedged),LU0982800491,https://www.fidelity.com.sg/
138001,Fidelity Funds - Global Multi Asset Income Fund A-Acc-USD,LU0905233846,https://www.fidelity.com.sg/
138051,Fidelity Funds - America Fund A-DIST-USD,LU0048573561,https://www.fidelity.com.sg/
138052,Fidelity Funds - ASEAN Fund A-DIST-USD,LU0048573645,https://www.fidelity.com.sg/
138053,Fidelity Funds - Asian Special Situations Fund A-DIST-USD,LU0054237671,https://www.fidelity.com.sg/
138054,Fidelity Funds - China Consumer Fund A-DIST-SGD,LU0650527681,https://www.fidelity.com.sg/
138055,Fidelity Funds - China Focus Fund A-DIST-USD,LU0173614495,https://www.fidelity.com.sg/
138056,"Fidelity Funds - Emerging Europe, Middle East and Africa Fund A-DIST-EUR",LU0303816028,#N/A
138057,Fidelity Funds - Emerging Markets Fund A-DIST-USD,LU0048575426,#N/A
138058,Fidelity Funds - Euro Blue Chip Fund A-DIST-EUR,LU0088814487,#N/A
138059,Fidelity Funds - Euro Bond Fund A-DIST-EUR,LU0048579097,#N/A
138060,Fidelity Funds - European Multi Asset Income Fund A-DIST-EUR,LU0052588471,#N/A
138061,Fidelity Funds - Germany Fund A-DIST-EUR,LU0048580004,#N/A
138062,Fidelity Funds - Greater China Fund A-DIST-USD,LU0048580855,#N/A
138063,Fidelity Funds - Iberia Fund A-DIST-EUR,LU0048581077,#N/A
138064,Fidelity Funds - Indonesia Fund A-DIST-USD,LU0055114457,#N/A
138066,Fidelity Funds - Latin America Fund A-DIST-USD,LU0050427557,#N/A
138067,Fidelity Funds - Malaysia Fund A-DIST-USD,LU0048587868,#N/A
138068,Fidelity Funds - Pacific Fund A-DIST-USD,LU0049112450,#N/A
138069,Fidelity Funds - Singapore Fund A-DIST-USD,LU0048588163,#N/A
138124,Fidelity Funds - Global Dividend Fund A-Acc-USD,LU0772969993,#N/A
138514,Fidelity Global Multi Asset Income Fund (Dist),LU0905234141,#N/A
138515,Fidelity Global Multi Asset Income Fund Hedged (DIST) EUR,LU0987487419,#N/A
138516,Fidelity Global Multi Asset Income Fund (DIST) EUR,LU1563521951,#N/A
138591,Fidelity Enhanced Reserve Fund (DIST),IE00BF5GRC83,#N/A
138592,Fidelity Enhanced Reserve Fund Hedged (DIST) EUR,IE00BDRTDD44,#N/A
138593,Fidelity Enhanced Reserve Fund A-MINCOME(G)-GBP Hedged DIST,IE00BG0D1X06,#N/A
138637,Fidelity Global Dividend Fund (Dist),LU0731783048,#N/A
138666,Fidelity Emerging Markets Fund (Acc),LU0261950470,#N/A
140777,Fidelity Funds - European Dynamic Growth Fund A-DIST-SGD,LU1196032939,#N/A
140779,Fidelity Funds - Sustainable Asia Equity A (SGD),LU0251144936,#N/A
140780,Fidelity Funds - Sustainable Asia Equity (USD),LU0048597586,#N/A
140781,Fidelity Funds - Sustainable Asia Equity SR Acc (SGD),LU1235261630,#N/A
140897,FIDELITY UCITS II ICAV-FIL ENHNCD RESV A MINC(G) AUDH CASH,IE00BDRTCH17,https://www.fidelity.com.sg/
140898,FIDELITY UCITS II ICAV-FIL ENHNCD RESV A ACC (SGDH),IE00BDRTCL52,https://www.fidelity.com.sg/
140900,FIDELITY UCITS II ICAV-FIL ENHNCD RESV A MINC(G) SGDH CASH,IE00BF5GRD90,https://www.fidelity.com.sg/
140905,FIDELITY UCITS II ICAV-FIL ENHNCD RESV A ACC (HKD),IE00BKPHWW11,https://www.fidelity.com.sg/
140906,FIDELITY UCITS II ICAV-FIL ENHNCD RESV A MINC(G) HKD CASH,IE00BKPHWX28,https://www.fidelity.com.sg/
140943,FIDELITY FUNDS - AUSTRALIAN DIVERSIFIED EQUITY FUND (AUD),LU0048574536,https://www.fidelity.com.sg/
140944,FIDELITY FUNDS - EUROPEAN GROWTH FUND (EUR),LU0048578792,https://www.fidelity.com.sg/
140945,FIDELITY FUNDS - SUSTAINABLE JAPAN EQUITY FUND (JPY),LU0048585144,https://www.fidelity.com.sg/
140946,FIDELITY FUNDS - THAILAND FUND (USD),LU0048621477,https://www.fidelity.com.sg/
140952,FIDELITY FUNDS - EUROPEAN SMALLER COMPANIES FUND (EUR),LU0061175625,https://www.fidelity.com.sg/
140959,FIDELITY FUNDS - TAIWAN FUND (USD),LU0075458603,https://www.fidelity.com.sg/
140965,FIDELITY FUNDS - GLOBAL TECHNOLOGY FUND (EUR),LU0099574567,https://www.fidelity.com.sg/
140970,FIDELITY FUNDS - EUROPEAN HIGH YIELD FUND A (EUR),LU0110060430,https://www.fidelity.com.sg/
140972,FIDELITY FUNDS - GLOBAL FINANCIAL SERVICES FUND (EUR),LU0114722498,https://www.fidelity.com.sg/
140977,FIDELITY FUNDS - US HIGH YIELD FUND - A (USD),LU0132282301,https://www.fidelity.com.sg/
140980,FIDELITY FUNDS - JAPAN ADVANTAGE FUND (JPY),LU0161332480,https://www.fidelity.com.sg/
140981,FIDELITY FUNDS - EUROPEAN HIGH YIELD FUND - A MDIST (EUR),LU0168053600,https://www.fidelity.com.sg/
140982,FIDELITY FUNDS - US HIGH YIELD FUND - A MDIST (USD),LU0168057262,https://www.fidelity.com.sg/
141008,FIDELITY FUNDS - AMERICA FUND A (SGD),LU0251142724,https://www.fidelity.com.sg/
141009,FIDELITY FUNDS - ASEAN FUND A (SGD) - Cash Div,LU0251143029,https://www.fidelity.com.sg/
141010,FIDELITY EMERGING MARKET FUND A (SGD) [CASH],LU0251143458,https://www.fidelity.com.sg/
141011,FIDELITY FUNDS - SUSTAINABLE JAPAN EQUITY FUND A (SGD),LU0251144696,https://www.fidelity.com.sg/
141012,FIDELITY FUNDS - EUROPEAN HIGH YIELD FUND A MDIST (SGD) - Cash,LU0251145669,https://www.fidelity.com.sg/
141029,FIDELITY FUNDS - ASIAN HIGH YIELD A ACC (USD),LU0286668453,https://www.fidelity.com.sg/
141030,FIDELITY FUNDS - ASIAN HIGH YIELD AMDIST (USD) Cash Div,LU0286669428,https://www.fidelity.com.sg/
141031,FIDELITY FUNDS - ASIAN HIGH YIELD AMDIST (SGD-H) CASH DIV,LU0286669774,https://www.fidelity.com.sg/
141032,FIDELITY FUNDS - CHINA FOCUS FUND A (SGD),LU0287142896,https://www.fidelity.com.sg/
141033,FIDELITY FUNDS - SINGAPORE FUND (SGD) [CASH],LU0287143431,https://www.fidelity.com.sg/
141048,FIDELITY EMERGING EU MIDDLE EAST & AFRICA FUND (USD),LU0303821028,https://www.fidelity.com.sg/
141086,FIDELITY FUNDS - GLOBAL INFLATION LINKED BOND FUND A (USD),LU0353648891,https://www.fidelity.com.sg/
141127,FIDELITY FUNDS - EUROPEAN GROWTH FUND A (SGD) - Cash Div,LU0550127509,https://www.fidelity.com.sg/
141140,FIDELITY FUNDS - CHINA CONSUMER FUND A (USD),LU0594300419,https://www.fidelity.com.sg/
141163,FIDELITY FUNDS - GLOBAL DIVIDEND FUND A-MINCOME(G) (SGD) - Cash Div,LU0731783394,https://www.fidelity.com.sg/
141169,FIDELITY FUNDS - AMERICA FUND A (SGD-H) Cash Div,LU0742534661,https://www.fidelity.com.sg/
141220,Fidelity Funds - GMAI A-MINCOME(G) (HKD) - Cash,LU0905234497,https://www.fidelity.com.sg/
141221,Fidelity Funds - GMAI A-QINCOME(G) SGD,LU0905234570,https://www.fidelity.com.sg/
141235,FIDELITY FUNDS - AMERICA FUND A (AUD-H) (ACC),LU0963029086,https://www.fidelity.com.sg/
141254,Fidelity Funds - European Dynamic Growth A Acc (USD-H),LU0997586515,https://www.fidelity.com.sg/
141268,FIDELITY FUNDS - ASIAN HIGH YIELD AMDIST (AUD H) Cash Div,LU1046420631,https://www.fidelity.com.sg/
141269,Fidelity Funds - GMAI A-HDIST(G) (AUD-H) - Cash,LU1046420987,https://www.fidelity.com.sg/
141278,FIDELITY FUNDS - EUROPEAN HIGH YIELD FUND A MDIST (SGD-H) CASH,LU1084809042,https://www.fidelity.com.sg/
141279,Fidelity Funds - GMAI A-MINCOME(G) (SGD) - Cash,LU1084809471,https://www.fidelity.com.sg/
141305,Fidelity Funds - America Fund SR ACC (SGD),LU1235257950,https://www.fidelity.com.sg/
141306,Fidelity Funds - America Fund SR ACC (USD),LU1235258255,https://www.fidelity.com.sg/
141307,FIDELITY EMERGING MARKET FUND ACC (SGD) [CPF],LU1235258685,https://www.fidelity.com.sg/
141308,FIDELITY EUROPEAN GROWTH CPF-ACC-EUR (SGD),LU1235259576,https://www.fidelity.com.sg/
141309,Fidelity Funds - America Fund SR ACC (SGDH),LU1235260079,https://www.fidelity.com.sg/
141310,FIDELITY FUNDS - ASIAN SPECIAL SITUATIONS ACC (SGD)[CPF],LU1235260665,https://www.fidelity.com.sg/
141311,FIDELITY FUNDS - GREATER CHINA FUND ACC (SGD) [CPF],LU1235261044,https://www.fidelity.com.sg/
141312,FIDELITY FUNDS - CHINA FOCUS FUND SR ACC (SGD),LU1235261390,https://www.fidelity.com.sg/
141313,FIDELITY FUNDS - ASIAN HIGH YIELD A-MINCOME(G) (SGD-H) CASH,LU1235294219,https://www.fidelity.com.sg/
141316,Fidelity Funds - European Dynamic Growth A Acc (SGD-H),LU1273509221,https://www.fidelity.com.sg/
141327,Fidelity Funds - China High Yield A MINCOME(G) USD-H - Cash,LU1345481698,https://www.fidelity.com.sg/
141328,Fidelity Funds - China High Yield A MINCOME(G) HKD-H - Cash,LU1345481854,https://www.fidelity.com.sg/
141329,Fidelity Funds - China High Yield A MINCOME(G) SGD-H - Cash,LU1345482076,https://www.fidelity.com.sg/
141330,Fidelity Funds - China High Yield A HMDIST(G) AUD-H - Cash,LU1345482316,https://www.fidelity.com.sg/
141331,Fidelity Funds - GMAI A-MINCOME(G) SGD (SGD/USD H) - Cash,LU1391767313,https://www.fidelity.com.sg/
141389,Fidelity Funds - GMAI A-MCDIST(G) (USD) - Cash,LU1883993989,https://www.fidelity.com.sg/
141390,Fidelity Funds - GMAI A-MCDIST(G) SGD (SGD/USD H) - Cash,LU1883994011,https://www.fidelity.com.sg/