"master id","isin name","factsheet link","prospectus link"
"137997","IE00BF5GRB76","https://api.fundinfo.com/document/29ad41167e385fbe8a49b57f2fe7474d_52196/MR_SG_en_IE00BF5GRB76_YES_2021-12-31.pdf?apiKey=b9934aa2-1a83-4286-b11b-c8415da9e581","https://api.fundinfo.com/document/deed5c37aeecf5242a4ebfe08472bd85_946384/PR_SG_en_IE00BF5GRB76_YES_2021-03-19.pdf?apiKey=b9934aa2-1a83-4286-b11b-c8415da9e581"
"137998","LU1313547462","https://api.fundinfo.com/document/56eb280d2eb02a262bcbbb3addf27de7_547411/MR_LU_en_LU1313547462_YES_2022-01-31.pdf?apiKey=b9934aa2-1a83-4286-b11b-c8415da9e581","https://api.fundinfo.com/document/68ce146259ae0a157ca1871d786c9718_9676365/PR_LU_en_LU1313547462_YES_2022-01-05.pdf?apiKey=b9934aa2-1a83-4286-b11b-c8415da9e581"
"137999","LU0119124781","https://api.fundinfo.com/document/b696c2492dafaa4c7d3b60f10622d139_658714/MR_LU_en_LU0119124781_YES_2022-01-31.pdf?apiKey=b9934aa2-1a83-4286-b11b-c8415da9e581","https://api.fundinfo.com/document/68ce146259ae0a157ca1871d786c9718_9676365/PR_LU_en_LU0119124781_YES_2022-01-05.pdf?apiKey=b9934aa2-1a83-4286-b11b-c8415da9e581"
"138000","LU0982800491","https://api.fundinfo.com/document/468f58f6983dc811af40f5e473129181_636352/MR_LU_en_LU0982800491_YES_2022-01-31.pdf?apiKey=b9934aa2-1a83-4286-b11b-c8415da9e581","https://api.fundinfo.com/document/68ce146259ae0a157ca1871d786c9718_9676365/PR_LU_en_LU0982800491_YES_2022-01-05.pdf?apiKey=b9934aa2-1a83-4286-b11b-c8415da9e581"
"138001","LU0905233846","https://api.fundinfo.com/document/03aa3cdb5c34254052deca1096437320_467642/MR_LU_en_LU0905233846_YES_2022-01-31.pdf?apiKey=b9934aa2-1a83-4286-b11b-c8415da9e581","https://api.fundinfo.com/document/68ce146259ae0a157ca1871d786c9718_9676365/PR_LU_en_LU0905233846_YES_2022-01-05.pdf?apiKey=b9934aa2-1a83-4286-b11b-c8415da9e581"
"138051","LU0048573561","https://api.fundinfo.com/document/9971de56d81c710ce37630a0ec2dbf93_629067/MR_LU_en_LU0048573561_YES_2022-01-31.pdf?apiKey=b9934aa2-1a83-4286-b11b-c8415da9e581","https://api.fundinfo.com/document/68ce146259ae0a157ca1871d786c9718_9676365/PR_LU_en_LU0048573561_YES_2022-01-05.pdf?apiKey=b9934aa2-1a83-4286-b11b-c8415da9e581"
"138052","LU0048573645","https://api.fundinfo.com/document/359a422a76966d57a24713d11f703c0b_653956/MR_LU_en_LU0048573645_YES_2022-01-31.pdf?apiKey=b9934aa2-1a83-4286-b11b-c8415da9e581","https://api.fundinfo.com/document/68ce146259ae0a157ca1871d786c9718_9676365/PR_LU_en_LU0048573645_YES_2022-01-05.pdf?apiKey=b9934aa2-1a83-4286-b11b-c8415da9e581"
"138053","LU0054237671","https://api.fundinfo.com/document/85a0f54a8bfca94f1c6b2d2965e216b1_651620/MR_LU_en_LU0054237671_YES_2022-01-31.pdf?apiKey=b9934aa2-1a83-4286-b11b-c8415da9e581","https://api.fundinfo.com/document/68ce146259ae0a157ca1871d786c9718_9676365/PR_LU_en_LU0054237671_YES_2022-01-05.pdf?apiKey=b9934aa2-1a83-4286-b11b-c8415da9e581"
"138054","LU0650527681","https://api.fundinfo.com/document/67e89b5f3711359f3b99bf0369f7d468_655634/MR_LU_en_LU0650527681_YES_2022-01-31.pdf?apiKey=b9934aa2-1a83-4286-b11b-c8415da9e581","https://api.fundinfo.com/document/68ce146259ae0a157ca1871d786c9718_9676365/PR_LU_en_LU0650527681_YES_2022-01-05.pdf?apiKey=b9934aa2-1a83-4286-b11b-c8415da9e581"
"138055","LU0173614495","https://api.fundinfo.com/document/1fffddb3754715e899f0b5544a11f37d_657175/MR_LU_en_LU0173614495_YES_2022-01-31.pdf?apiKey=b9934aa2-1a83-4286-b11b-c8415da9e581","https://api.fundinfo.com/document/68ce146259ae0a157ca1871d786c9718_9676365/PR_LU_en_LU0173614495_YES_2022-01-05.pdf?apiKey=b9934aa2-1a83-4286-b11b-c8415da9e581"
"138056","LU0303816028","https://api.fundinfo.com/document/854d5a928efc1b872b903a95bf0d706d_659733/MR_LU_en_LU0303816028_YES_2022-01-31.pdf?apiKey=b9934aa2-1a83-4286-b11b-c8415da9e581","https://api.fundinfo.com/document/68ce146259ae0a157ca1871d786c9718_9676365/PR_LU_en_LU0303816028_YES_2022-01-05.pdf?apiKey=b9934aa2-1a83-4286-b11b-c8415da9e581"
"138058","LU0088814487","https://api.fundinfo.com/document/0468607ebed9adeba866c7f265dfb933_649154/MR_LU_en_LU0088814487_YES_2022-01-31.pdf?apiKey=b9934aa2-1a83-4286-b11b-c8415da9e581","https://api.fundinfo.com/document/68ce146259ae0a157ca1871d786c9718_9676365/PR_LU_en_LU0088814487_YES_2022-01-05.pdf?apiKey=b9934aa2-1a83-4286-b11b-c8415da9e581"
"138059","LU0048579097","https://api.fundinfo.com/document/83b2ae43fd5ac0e249ad530ae49f7818_618259/MR_LU_en_LU0048579097_YES_2022-01-31.pdf?apiKey=b9934aa2-1a83-4286-b11b-c8415da9e581","https://api.fundinfo.com/document/68ce146259ae0a157ca1871d786c9718_9676365/PR_LU_en_LU0048579097_YES_2022-01-05.pdf?apiKey=b9934aa2-1a83-4286-b11b-c8415da9e581"
"138060","LU0052588471","https://api.fundinfo.com/document/9a447fc9fd1ce77168bc86dbbc3ea58b_478954/MR_LU_en_LU0052588471_YES_2022-01-31.pdf?apiKey=b9934aa2-1a83-4286-b11b-c8415da9e581","https://api.fundinfo.com/document/68ce146259ae0a157ca1871d786c9718_9676365/PR_LU_en_LU0052588471_YES_2022-01-05.pdf?apiKey=b9934aa2-1a83-4286-b11b-c8415da9e581"
"138061","LU0048580004","https://api.fundinfo.com/document/c139882b09ff76851e09ed3e8843cd04_660240/MR_LU_en_LU0048580004_YES_2022-01-31.pdf?apiKey=b9934aa2-1a83-4286-b11b-c8415da9e581","https://api.fundinfo.com/document/68ce146259ae0a157ca1871d786c9718_9676365/PR_LU_en_LU0048580004_YES_2022-01-05.pdf?apiKey=b9934aa2-1a83-4286-b11b-c8415da9e581"
"138062","LU0048580855","https://api.fundinfo.com/document/eb68a68db9ce01ccf4c5bf2ff7ce3d1d_1036912/MR_LU_en_LU0048580855_YES_2021-12-31.pdf?apiKey=b9934aa2-1a83-4286-b11b-c8415da9e581","https://api.fundinfo.com/document/68ce146259ae0a157ca1871d786c9718_9676365/PR_LU_en_LU0048580855_YES_2022-01-05.pdf?apiKey=b9934aa2-1a83-4286-b11b-c8415da9e581"
"138063","LU0048581077","https://api.fundinfo.com/document/30a81764c4e52276881a24c69e6744a9_639019/MR_LU_en_LU0048581077_YES_2022-01-31.pdf?apiKey=b9934aa2-1a83-4286-b11b-c8415da9e581","https://api.fundinfo.com/document/68ce146259ae0a157ca1871d786c9718_9676365/PR_LU_en_LU0048581077_YES_2022-01-05.pdf?apiKey=b9934aa2-1a83-4286-b11b-c8415da9e581"
"138066","LU0050427557","https://api.fundinfo.com/document/66a2be7b09958a045daec67771d0e721_657114/MR_LU_en_LU0050427557_YES_2022-01-31.pdf?apiKey=b9934aa2-1a83-4286-b11b-c8415da9e581","https://api.fundinfo.com/document/68ce146259ae0a157ca1871d786c9718_9676365/PR_LU_en_LU0050427557_YES_2022-01-05.pdf?apiKey=b9934aa2-1a83-4286-b11b-c8415da9e581"
"138068","LU0049112450","https://api.fundinfo.com/document/099e2b8a3e7931ff5344f44551951064_645215/MR_LU_en_LU0049112450_YES_2022-01-31.pdf?apiKey=b9934aa2-1a83-4286-b11b-c8415da9e581","https://api.fundinfo.com/document/68ce146259ae0a157ca1871d786c9718_9676365/PR_LU_en_LU0049112450_YES_2022-01-05.pdf?apiKey=b9934aa2-1a83-4286-b11b-c8415da9e581"
"138124","LU0772969993","https://api.fundinfo.com/document/bfb857c1c690b16d3aed373f88279c1a_636190/MR_LU_en_LU0772969993_YES_2022-01-31.pdf?apiKey=b9934aa2-1a83-4286-b11b-c8415da9e581","https://api.fundinfo.com/document/68ce146259ae0a157ca1871d786c9718_9676365/PR_LU_en_LU0772969993_YES_2022-01-05.pdf?apiKey=b9934aa2-1a83-4286-b11b-c8415da9e581"
"138514","LU0905234141","https://api.fundinfo.com/document/cb5b60c0e83020fa22c96574209c32f3_468110/MR_LU_en_LU0905234141_YES_2022-01-31.pdf?apiKey=b9934aa2-1a83-4286-b11b-c8415da9e581","https://api.fundinfo.com/document/68ce146259ae0a157ca1871d786c9718_9676365/PR_LU_en_LU0905234141_YES_2022-01-05.pdf?apiKey=b9934aa2-1a83-4286-b11b-c8415da9e581"
"138515","LU0987487419","https://api.fundinfo.com/document/6360b81b4eb430d47118d05f1a1153f9_459823/MR_LU_en_LU0987487419_YES_2022-01-31.pdf?apiKey=b9934aa2-1a83-4286-b11b-c8415da9e581","https://api.fundinfo.com/document/68ce146259ae0a157ca1871d786c9718_9676365/PR_LU_en_LU0987487419_YES_2022-01-05.pdf?apiKey=b9934aa2-1a83-4286-b11b-c8415da9e581"
"138516","LU1563521951","https://api.fundinfo.com/document/984a2247d83c0168ff133a8c0a47f238_444684/MR_LU_en_LU1563521951_YES_2022-01-31.pdf?apiKey=b9934aa2-1a83-4286-b11b-c8415da9e581","https://api.fundinfo.com/document/68ce146259ae0a157ca1871d786c9718_9676365/PR_LU_en_LU1563521951_YES_2022-01-05.pdf?apiKey=b9934aa2-1a83-4286-b11b-c8415da9e581"
"138591","IE00BF5GRC83","https://api.fundinfo.com/document/29ad41167e385fbe8a49b57f2fe7474d_52196/MR_SG_en_IE00BF5GRC83_YES_2021-12-31.pdf?apiKey=b9934aa2-1a83-4286-b11b-c8415da9e581","https://api.fundinfo.com/document/deed5c37aeecf5242a4ebfe08472bd85_946384/PR_SG_en_IE00BF5GRC83_YES_2021-03-19.pdf?apiKey=b9934aa2-1a83-4286-b11b-c8415da9e581"
"138592","IE00BDRTDD44","https://api.fundinfo.com/document/29ad41167e385fbe8a49b57f2fe7474d_52196/MR_SG_en_IE00BDRTDD44_YES_2021-12-31.pdf?apiKey=b9934aa2-1a83-4286-b11b-c8415da9e581","https://api.fundinfo.com/document/deed5c37aeecf5242a4ebfe08472bd85_946384/PR_SG_en_IE00BDRTDD44_YES_2021-03-19.pdf?apiKey=b9934aa2-1a83-4286-b11b-c8415da9e581"
"138593","IE00BG0D1X06","https://api.fundinfo.com/document/29ad41167e385fbe8a49b57f2fe7474d_52196/MR_SG_en_IE00BG0D1X06_YES_2021-12-31.pdf?apiKey=b9934aa2-1a83-4286-b11b-c8415da9e581","https://api.fundinfo.com/document/deed5c37aeecf5242a4ebfe08472bd85_946384/PR_SG_en_IE00BG0D1X06_YES_2021-03-19.pdf?apiKey=b9934aa2-1a83-4286-b11b-c8415da9e581"
"138637","LU0731783048","https://api.fundinfo.com/document/fcc5ccc197bfa309fd0281639b81b5fe_641748/MR_LU_en_LU0731783048_YES_2022-01-31.pdf?apiKey=b9934aa2-1a83-4286-b11b-c8415da9e581","https://api.fundinfo.com/document/68ce146259ae0a157ca1871d786c9718_9676365/PR_LU_en_LU0731783048_YES_2022-01-05.pdf?apiKey=b9934aa2-1a83-4286-b11b-c8415da9e581"
"138666","LU0261950470","https://api.fundinfo.com/document/0ec8cbd851943e43dbc0f65977010fbf_647571/MR_LU_en_LU0261950470_YES_2022-01-31.pdf?apiKey=b9934aa2-1a83-4286-b11b-c8415da9e581","https://api.fundinfo.com/document/68ce146259ae0a157ca1871d786c9718_9676365/PR_LU_en_LU0261950470_YES_2022-01-05.pdf?apiKey=b9934aa2-1a83-4286-b11b-c8415da9e581"
"140777","LU1196032939","https://api.fundinfo.com/document/f92c4bdf62fb84d454ceaf04e5b13607_627177/MR_LU_en_LU1196032939_YES_2022-01-31.pdf?apiKey=b9934aa2-1a83-4286-b11b-c8415da9e581","https://api.fundinfo.com/document/68ce146259ae0a157ca1871d786c9718_9676365/PR_LU_en_LU1196032939_YES_2022-01-05.pdf?apiKey=b9934aa2-1a83-4286-b11b-c8415da9e581"
"140779","LU0251144936","https://api.fundinfo.com/document/541de8756724120914737322982145ca_643353/MR_LU_en_LU0251144936_YES_2022-01-31.pdf?apiKey=b9934aa2-1a83-4286-b11b-c8415da9e581","https://api.fundinfo.com/document/68ce146259ae0a157ca1871d786c9718_9676365/PR_LU_en_LU0251144936_YES_2022-01-05.pdf?apiKey=b9934aa2-1a83-4286-b11b-c8415da9e581"
"140780","LU0048597586","https://api.fundinfo.com/document/b08d11a08cc607f0a1c30801033310bf_651304/MR_LU_en_LU0048597586_YES_2022-01-31.pdf?apiKey=b9934aa2-1a83-4286-b11b-c8415da9e581","https://api.fundinfo.com/document/68ce146259ae0a157ca1871d786c9718_9676365/PR_LU_en_LU0048597586_YES_2022-01-05.pdf?apiKey=b9934aa2-1a83-4286-b11b-c8415da9e581"
"140781","LU1235261630","https://api.fundinfo.com/document/e4e91e1bdac182e6c1dd93bc09063c17_1405670/MR_SG_en_LU1235261630_YES_2021-12-31.pdf?apiKey=b9934aa2-1a83-4286-b11b-c8415da9e581","https://api.fundinfo.com/document/dbfd7bb703a87908ac67cc916976cc15_8656617/PR_SG_en_LU1235261630_YES_2022-01-06.pdf?apiKey=b9934aa2-1a83-4286-b11b-c8415da9e581"
"140897","IE00BDRTCH17","https://api.fundinfo.com/document/29ad41167e385fbe8a49b57f2fe7474d_52196/MR_SG_en_IE00BDRTCH17_YES_2021-12-31.pdf?apiKey=b9934aa2-1a83-4286-b11b-c8415da9e581","https://api.fundinfo.com/document/deed5c37aeecf5242a4ebfe08472bd85_946384/PR_SG_en_IE00BDRTCH17_YES_2021-03-19.pdf?apiKey=b9934aa2-1a83-4286-b11b-c8415da9e581"
"140898","IE00BDRTCL52","https://api.fundinfo.com/document/29ad41167e385fbe8a49b57f2fe7474d_52196/MR_SG_en_IE00BDRTCL52_YES_2021-12-31.pdf?apiKey=b9934aa2-1a83-4286-b11b-c8415da9e581","https://api.fundinfo.com/document/deed5c37aeecf5242a4ebfe08472bd85_946384/PR_SG_en_IE00BDRTCL52_YES_2021-03-19.pdf?apiKey=b9934aa2-1a83-4286-b11b-c8415da9e581"
"140900","IE00BF5GRD90","https://api.fundinfo.com/document/29ad41167e385fbe8a49b57f2fe7474d_52196/MR_SG_en_IE00BF5GRD90_YES_2021-12-31.pdf?apiKey=b9934aa2-1a83-4286-b11b-c8415da9e581","https://api.fundinfo.com/document/deed5c37aeecf5242a4ebfe08472bd85_946384/PR_SG_en_IE00BF5GRD90_YES_2021-03-19.pdf?apiKey=b9934aa2-1a83-4286-b11b-c8415da9e581"
"140905","IE00BKPHWW11","https://api.fundinfo.com/document/29ad41167e385fbe8a49b57f2fe7474d_52196/MR_SG_en_IE00BKPHWW11_YES_2021-12-31.pdf?apiKey=b9934aa2-1a83-4286-b11b-c8415da9e581","https://api.fundinfo.com/document/deed5c37aeecf5242a4ebfe08472bd85_946384/PR_SG_en_IE00BKPHWW11_YES_2021-03-19.pdf?apiKey=b9934aa2-1a83-4286-b11b-c8415da9e581"
"140906","IE00BKPHWX28","https://api.fundinfo.com/document/29ad41167e385fbe8a49b57f2fe7474d_52196/MR_SG_en_IE00BKPHWX28_YES_2021-12-31.pdf?apiKey=b9934aa2-1a83-4286-b11b-c8415da9e581","https://api.fundinfo.com/document/deed5c37aeecf5242a4ebfe08472bd85_946384/PR_SG_en_IE00BKPHWX28_YES_2021-03-19.pdf?apiKey=b9934aa2-1a83-4286-b11b-c8415da9e581"
"140943","LU0048574536","https://api.fundinfo.com/document/62a6e161d2bbad7d27a81849736f564d_655572/MR_LU_en_LU0048574536_YES_2022-01-31.pdf?apiKey=b9934aa2-1a83-4286-b11b-c8415da9e581","https://api.fundinfo.com/document/68ce146259ae0a157ca1871d786c9718_9676365/PR_LU_en_LU0048574536_YES_2022-01-05.pdf?apiKey=b9934aa2-1a83-4286-b11b-c8415da9e581"
"140944","LU0048578792","https://api.fundinfo.com/document/94a11d3a2e9903d6a14abca8a08c23d9_656056/MR_LU_en_LU0048578792_YES_2022-01-31.pdf?apiKey=b9934aa2-1a83-4286-b11b-c8415da9e581","https://api.fundinfo.com/document/68ce146259ae0a157ca1871d786c9718_9676365/PR_LU_en_LU0048578792_YES_2022-01-05.pdf?apiKey=b9934aa2-1a83-4286-b11b-c8415da9e581"
"140945","LU0048585144","https://api.fundinfo.com/document/b0202fddc53bbaa63deacc3f0fa3d29a_626800/MR_LU_en_LU0048585144_YES_2022-01-31.pdf?apiKey=b9934aa2-1a83-4286-b11b-c8415da9e581","https://api.fundinfo.com/document/68ce146259ae0a157ca1871d786c9718_9676365/PR_LU_en_LU0048585144_YES_2022-01-05.pdf?apiKey=b9934aa2-1a83-4286-b11b-c8415da9e581"
"140946","LU0048621477","https://api.fundinfo.com/document/6bb009bd977487dd56c6d80daf7effdf_659346/MR_LU_en_LU0048621477_YES_2022-01-31.pdf?apiKey=b9934aa2-1a83-4286-b11b-c8415da9e581","https://api.fundinfo.com/document/68ce146259ae0a157ca1871d786c9718_9676365/PR_LU_en_LU0048621477_YES_2022-01-05.pdf?apiKey=b9934aa2-1a83-4286-b11b-c8415da9e581"
"140952","LU0061175625","https://api.fundinfo.com/document/86773f4b891162b6fc11a61fef1b4368_656959/MR_LU_en_LU0061175625_YES_2022-01-31.pdf?apiKey=b9934aa2-1a83-4286-b11b-c8415da9e581","https://api.fundinfo.com/document/68ce146259ae0a157ca1871d786c9718_9676365/PR_LU_en_LU0061175625_YES_2022-01-05.pdf?apiKey=b9934aa2-1a83-4286-b11b-c8415da9e581"
"140965","LU0099574567","https://api.fundinfo.com/document/09a264e9b0abc21de338faab76e85f85_648079/MR_LU_en_LU0099574567_YES_2022-01-31.pdf?apiKey=b9934aa2-1a83-4286-b11b-c8415da9e581","https://api.fundinfo.com/document/68ce146259ae0a157ca1871d786c9718_9676365/PR_LU_en_LU0099574567_YES_2022-01-05.pdf?apiKey=b9934aa2-1a83-4286-b11b-c8415da9e581"
"140970","LU0110060430","https://api.fundinfo.com/document/ed9a581b392c865c1ccd762389b49df6_636956/MR_LU_en_LU0110060430_YES_2022-01-31.pdf?apiKey=b9934aa2-1a83-4286-b11b-c8415da9e581","https://api.fundinfo.com/document/68ce146259ae0a157ca1871d786c9718_9676365/PR_LU_en_LU0110060430_YES_2022-01-05.pdf?apiKey=b9934aa2-1a83-4286-b11b-c8415da9e581"
"140972","LU0114722498","https://api.fundinfo.com/document/53c6e195684831ee1c578acd08748a2c_649128/MR_LU_en_LU0114722498_YES_2022-01-31.pdf?apiKey=b9934aa2-1a83-4286-b11b-c8415da9e581","https://api.fundinfo.com/document/68ce146259ae0a157ca1871d786c9718_9676365/PR_LU_en_LU0114722498_YES_2022-01-05.pdf?apiKey=b9934aa2-1a83-4286-b11b-c8415da9e581"
"140977","LU0132282301","https://api.fundinfo.com/document/4420d2a441103dd245e8bd7df3a6335a_643483/MR_LU_en_LU0132282301_YES_2022-01-31.pdf?apiKey=b9934aa2-1a83-4286-b11b-c8415da9e581","https://api.fundinfo.com/document/68ce146259ae0a157ca1871d786c9718_9676365/PR_LU_en_LU0132282301_YES_2022-01-05.pdf?apiKey=b9934aa2-1a83-4286-b11b-c8415da9e581"
"140980","LU0161332480","https://api.fundinfo.com/document/3f1d739406ab2434c6a6837382e1ba3b_650645/MR_LU_en_LU0161332480_YES_2022-01-31.pdf?apiKey=b9934aa2-1a83-4286-b11b-c8415da9e581","https://api.fundinfo.com/document/68ce146259ae0a157ca1871d786c9718_9676365/PR_LU_en_LU0161332480_YES_2022-01-05.pdf?apiKey=b9934aa2-1a83-4286-b11b-c8415da9e581"
"140981","LU0168053600","https://api.fundinfo.com/document/4a4158517c8b746cf8f74d6c18425478_635068/MR_LU_en_LU0168053600_YES_2022-01-31.pdf?apiKey=b9934aa2-1a83-4286-b11b-c8415da9e581","https://api.fundinfo.com/document/68ce146259ae0a157ca1871d786c9718_9676365/PR_LU_en_LU0168053600_YES_2022-01-05.pdf?apiKey=b9934aa2-1a83-4286-b11b-c8415da9e581"
"140982","LU0168057262","https://api.fundinfo.com/document/5631e795c8fad67d32591d9122972dc0_621686/MR_LU_en_LU0168057262_YES_2022-01-31.pdf?apiKey=b9934aa2-1a83-4286-b11b-c8415da9e581","https://api.fundinfo.com/document/68ce146259ae0a157ca1871d786c9718_9676365/PR_LU_en_LU0168057262_YES_2022-01-05.pdf?apiKey=b9934aa2-1a83-4286-b11b-c8415da9e581"
"141008","LU0251142724","https://api.fundinfo.com/document/48fe7226f637f02f0e34f96b5b230ce1_625412/MR_LU_en_LU0251142724_YES_2022-01-31.pdf?apiKey=b9934aa2-1a83-4286-b11b-c8415da9e581","https://api.fundinfo.com/document/68ce146259ae0a157ca1871d786c9718_9676365/PR_LU_en_LU0251142724_YES_2022-01-05.pdf?apiKey=b9934aa2-1a83-4286-b11b-c8415da9e581"
"141009","LU0251143029","https://api.fundinfo.com/document/25bdc23886a4493b39162b7f1d88b1d8_639583/MR_LU_en_LU0251143029_YES_2022-01-31.pdf?apiKey=b9934aa2-1a83-4286-b11b-c8415da9e581","https://api.fundinfo.com/document/68ce146259ae0a157ca1871d786c9718_9676365/PR_LU_en_LU0251143029_YES_2022-01-05.pdf?apiKey=b9934aa2-1a83-4286-b11b-c8415da9e581"
"141010","LU0251143458","https://api.fundinfo.com/document/d41f7f2390f95867d4bc31ea63a27c10_644881/MR_LU_en_LU0251143458_YES_2022-01-31.pdf?apiKey=b9934aa2-1a83-4286-b11b-c8415da9e581","https://api.fundinfo.com/document/68ce146259ae0a157ca1871d786c9718_9676365/PR_LU_en_LU0251143458_YES_2022-01-05.pdf?apiKey=b9934aa2-1a83-4286-b11b-c8415da9e581"
"141011","LU0251144696","https://api.fundinfo.com/document/7f4ea93ed9a97bb92548f9851a6ad769_615066/MR_LU_en_LU0251144696_YES_2022-01-31.pdf?apiKey=b9934aa2-1a83-4286-b11b-c8415da9e581","https://api.fundinfo.com/document/68ce146259ae0a157ca1871d786c9718_9676365/PR_LU_en_LU0251144696_YES_2022-01-05.pdf?apiKey=b9934aa2-1a83-4286-b11b-c8415da9e581"
"141012","LU0251145669","https://api.fundinfo.com/document/ccfcdd605eb8d8400368ce7a5acaee32_622421/MR_LU_en_LU0251145669_YES_2022-01-31.pdf?apiKey=b9934aa2-1a83-4286-b11b-c8415da9e581","https://api.fundinfo.com/document/68ce146259ae0a157ca1871d786c9718_9676365/PR_LU_en_LU0251145669_YES_2022-01-05.pdf?apiKey=b9934aa2-1a83-4286-b11b-c8415da9e581"
"141029","LU0286668453","https://api.fundinfo.com/document/bb80c70260fc59f2d08b0130ed5014db_624571/MR_LU_en_LU0286668453_YES_2022-01-31.pdf?apiKey=b9934aa2-1a83-4286-b11b-c8415da9e581","https://api.fundinfo.com/document/68ce146259ae0a157ca1871d786c9718_9676365/PR_LU_en_LU0286668453_YES_2022-01-05.pdf?apiKey=b9934aa2-1a83-4286-b11b-c8415da9e581"
"141030","LU0286669428","https://api.fundinfo.com/document/dbfaef0916d7deddb430d40ee3104ca3_623004/MR_LU_en_LU0286669428_YES_2022-01-31.pdf?apiKey=b9934aa2-1a83-4286-b11b-c8415da9e581","https://api.fundinfo.com/document/68ce146259ae0a157ca1871d786c9718_9676365/PR_LU_en_LU0286669428_YES_2022-01-05.pdf?apiKey=b9934aa2-1a83-4286-b11b-c8415da9e581"
"141031","LU0286669774","https://api.fundinfo.com/document/a1f09642e3ecac09ea25419eeec2c12e_628642/MR_LU_en_LU0286669774_YES_2022-01-31.pdf?apiKey=b9934aa2-1a83-4286-b11b-c8415da9e581","https://api.fundinfo.com/document/68ce146259ae0a157ca1871d786c9718_9676365/PR_LU_en_LU0286669774_YES_2022-01-05.pdf?apiKey=b9934aa2-1a83-4286-b11b-c8415da9e581"
"141032","LU0287142896","https://api.fundinfo.com/document/e1f1910dea7b0dfc5462cd4743a24bdb_649971/MR_LU_en_LU0287142896_YES_2022-01-31.pdf?apiKey=b9934aa2-1a83-4286-b11b-c8415da9e581","https://api.fundinfo.com/document/68ce146259ae0a157ca1871d786c9718_9676365/PR_LU_en_LU0287142896_YES_2022-01-05.pdf?apiKey=b9934aa2-1a83-4286-b11b-c8415da9e581"
"141048","LU0303821028","https://api.fundinfo.com/document/bf35e9da8f516f0fc959d1270efd09a4_655762/MR_LU_en_LU0303821028_YES_2022-01-31.pdf?apiKey=b9934aa2-1a83-4286-b11b-c8415da9e581","https://api.fundinfo.com/document/68ce146259ae0a157ca1871d786c9718_9676365/PR_LU_en_LU0303821028_YES_2022-01-05.pdf?apiKey=b9934aa2-1a83-4286-b11b-c8415da9e581"
"141086","LU0353648891","https://api.fundinfo.com/document/51e37c42b8b1dbc6bd3d26fabee8a287_548852/MR_LU_en_LU0353648891_YES_2022-01-31.pdf?apiKey=b9934aa2-1a83-4286-b11b-c8415da9e581","https://api.fundinfo.com/document/68ce146259ae0a157ca1871d786c9718_9676365/PR_LU_en_LU0353648891_YES_2022-01-05.pdf?apiKey=b9934aa2-1a83-4286-b11b-c8415da9e581"
"141127","LU0550127509","https://api.fundinfo.com/document/2da5aa2b0839c1e85909774d658f26fa_649648/MR_LU_en_LU0550127509_YES_2022-01-31.pdf?apiKey=b9934aa2-1a83-4286-b11b-c8415da9e581","https://api.fundinfo.com/document/68ce146259ae0a157ca1871d786c9718_9676365/PR_LU_en_LU0550127509_YES_2022-01-05.pdf?apiKey=b9934aa2-1a83-4286-b11b-c8415da9e581"
"141140","LU0594300419","https://api.fundinfo.com/document/671a9193c19715aaaed7574107a4a195_650488/MR_LU_en_LU0594300419_YES_2022-01-31.pdf?apiKey=b9934aa2-1a83-4286-b11b-c8415da9e581","https://api.fundinfo.com/document/68ce146259ae0a157ca1871d786c9718_9676365/PR_LU_en_LU0594300419_YES_2022-01-05.pdf?apiKey=b9934aa2-1a83-4286-b11b-c8415da9e581"
"141163","LU0731783394","https://api.fundinfo.com/document/a6db1db221247bb53a27a826702b5d7d_651151/MR_LU_en_LU0731783394_YES_2022-01-31.pdf?apiKey=b9934aa2-1a83-4286-b11b-c8415da9e581","https://api.fundinfo.com/document/68ce146259ae0a157ca1871d786c9718_9676365/PR_LU_en_LU0731783394_YES_2022-01-05.pdf?apiKey=b9934aa2-1a83-4286-b11b-c8415da9e581"
"141169","LU0742534661","https://api.fundinfo.com/document/8757f50ab9df4128d02a08278633ec0f_624416/MR_LU_en_LU0742534661_YES_2022-01-31.pdf?apiKey=b9934aa2-1a83-4286-b11b-c8415da9e581","https://api.fundinfo.com/document/68ce146259ae0a157ca1871d786c9718_9676365/PR_LU_en_LU0742534661_YES_2022-01-05.pdf?apiKey=b9934aa2-1a83-4286-b11b-c8415da9e581"
"141221","LU0905234570","https://api.fundinfo.com/document/c519b6aed4ecc4a6ad71826fd9bf0da1_468277/MR_LU_en_LU0905234570_YES_2022-01-31.pdf?apiKey=b9934aa2-1a83-4286-b11b-c8415da9e581","https://api.fundinfo.com/document/68ce146259ae0a157ca1871d786c9718_9676365/PR_LU_en_LU0905234570_YES_2022-01-05.pdf?apiKey=b9934aa2-1a83-4286-b11b-c8415da9e581"
"141235","LU0963029086","https://api.fundinfo.com/document/82bc7e79562409178217fa30b3624570_623937/MR_LU_en_LU0963029086_YES_2022-01-31.pdf?apiKey=b9934aa2-1a83-4286-b11b-c8415da9e581","https://api.fundinfo.com/document/68ce146259ae0a157ca1871d786c9718_9676365/PR_LU_en_LU0963029086_YES_2022-01-05.pdf?apiKey=b9934aa2-1a83-4286-b11b-c8415da9e581"
"141254","LU0997586515","https://api.fundinfo.com/document/34b5f14236b0ffcf18251c332d9645b0_637675/MR_LU_en_LU0997586515_YES_2022-01-31.pdf?apiKey=b9934aa2-1a83-4286-b11b-c8415da9e581","https://api.fundinfo.com/document/68ce146259ae0a157ca1871d786c9718_9676365/PR_LU_en_LU0997586515_YES_2022-01-05.pdf?apiKey=b9934aa2-1a83-4286-b11b-c8415da9e581"
"141268","LU1046420631","https://api.fundinfo.com/document/644d97961c3f8616266a35fd65859ec9_611254/MR_LU_en_LU1046420631_YES_2022-01-31.pdf?apiKey=b9934aa2-1a83-4286-b11b-c8415da9e581","https://api.fundinfo.com/document/68ce146259ae0a157ca1871d786c9718_9676365/PR_LU_en_LU1046420631_YES_2022-01-05.pdf?apiKey=b9934aa2-1a83-4286-b11b-c8415da9e581"
"141269","LU1046420987","https://api.fundinfo.com/document/c8a73b9f82a024d09ff1ec1bfdf0ef33_460892/MR_LU_en_LU1046420987_YES_2022-01-31.pdf?apiKey=b9934aa2-1a83-4286-b11b-c8415da9e581","https://api.fundinfo.com/document/68ce146259ae0a157ca1871d786c9718_9676365/PR_LU_en_LU1046420987_YES_2022-01-05.pdf?apiKey=b9934aa2-1a83-4286-b11b-c8415da9e581"
"141278","LU1084809042","https://api.fundinfo.com/document/373a459a311313bb03e9f605dc687ba8_626949/MR_LU_en_LU1084809042_YES_2022-01-31.pdf?apiKey=b9934aa2-1a83-4286-b11b-c8415da9e581","https://api.fundinfo.com/document/68ce146259ae0a157ca1871d786c9718_9676365/PR_LU_en_LU1084809042_YES_2022-01-05.pdf?apiKey=b9934aa2-1a83-4286-b11b-c8415da9e581"
"141279","LU1084809471","https://api.fundinfo.com/document/0d671f5c70ae2983eeaa20c0653183dd_458191/MR_LU_en_LU1084809471_YES_2022-01-31.pdf?apiKey=b9934aa2-1a83-4286-b11b-c8415da9e581","https://api.fundinfo.com/document/68ce146259ae0a157ca1871d786c9718_9676365/PR_LU_en_LU1084809471_YES_2022-01-05.pdf?apiKey=b9934aa2-1a83-4286-b11b-c8415da9e581"
"141305","LU1235257950","https://api.fundinfo.com/document/6b7e288e91c7edaad1b8918287dca466_654058/MR_SG_en_LU1235257950_YES_2021-12-31.pdf?apiKey=b9934aa2-1a83-4286-b11b-c8415da9e581","https://api.fundinfo.com/document/dbfd7bb703a87908ac67cc916976cc15_8656617/PR_SG_en_LU1235257950_YES_2022-01-06.pdf?apiKey=b9934aa2-1a83-4286-b11b-c8415da9e581"
"141307","LU1235258685","https://api.fundinfo.com/document/867884b806fef427b87abfb005ad9d0e_1401982/MR_SG_en_LU1235258685_YES_2021-12-31.pdf?apiKey=b9934aa2-1a83-4286-b11b-c8415da9e581","https://api.fundinfo.com/document/dbfd7bb703a87908ac67cc916976cc15_8656617/PR_SG_en_LU1235258685_YES_2022-01-06.pdf?apiKey=b9934aa2-1a83-4286-b11b-c8415da9e581"
"141309","LU1235260079","https://api.fundinfo.com/document/6b7e288e91c7edaad1b8918287dca466_654058/MR_SG_en_LU1235260079_YES_2021-12-31.pdf?apiKey=b9934aa2-1a83-4286-b11b-c8415da9e581","https://api.fundinfo.com/document/dbfd7bb703a87908ac67cc916976cc15_8656617/PR_SG_en_LU1235260079_YES_2022-01-06.pdf?apiKey=b9934aa2-1a83-4286-b11b-c8415da9e581"
"141310","LU1235260665","https://api.fundinfo.com/document/aee5547bb78bc45435c9e3ea81e4acde_1384850/MR_SG_en_LU1235260665_YES_2021-12-31.pdf?apiKey=b9934aa2-1a83-4286-b11b-c8415da9e581","https://api.fundinfo.com/document/dbfd7bb703a87908ac67cc916976cc15_8656617/PR_SG_en_LU1235260665_YES_2022-01-06.pdf?apiKey=b9934aa2-1a83-4286-b11b-c8415da9e581"
"141311","LU1235261044","https://api.fundinfo.com/document/56d022d787a56b8a0fa1868db582e2bb_686775/MR_SG_en_LU1235261044_YES_2021-12-31.pdf?apiKey=b9934aa2-1a83-4286-b11b-c8415da9e581","https://api.fundinfo.com/document/dbfd7bb703a87908ac67cc916976cc15_8656617/PR_SG_en_LU1235261044_YES_2022-01-06.pdf?apiKey=b9934aa2-1a83-4286-b11b-c8415da9e581"
"141312","LU1235261390","https://api.fundinfo.com/document/736ce2ab6c30b23d6331bc806fb651e9_713324/MR_SG_en_LU1235261390_YES_2021-12-31.pdf?apiKey=b9934aa2-1a83-4286-b11b-c8415da9e581","https://api.fundinfo.com/document/dbfd7bb703a87908ac67cc916976cc15_8656617/PR_SG_en_LU1235261390_YES_2022-01-06.pdf?apiKey=b9934aa2-1a83-4286-b11b-c8415da9e581"
"141313","LU1235294219","https://api.fundinfo.com/document/ebcf7da4bdb755ec7f3b8725b46adbad_603995/MR_LU_en_LU1235294219_YES_2022-01-31.pdf?apiKey=b9934aa2-1a83-4286-b11b-c8415da9e581","https://api.fundinfo.com/document/68ce146259ae0a157ca1871d786c9718_9676365/PR_LU_en_LU1235294219_YES_2022-01-05.pdf?apiKey=b9934aa2-1a83-4286-b11b-c8415da9e581"
"141316","LU1273509221","https://api.fundinfo.com/document/76af7f8e693ff70c071fbda23d701532_628913/MR_LU_en_LU1273509221_YES_2022-01-31.pdf?apiKey=b9934aa2-1a83-4286-b11b-c8415da9e581","https://api.fundinfo.com/document/68ce146259ae0a157ca1871d786c9718_9676365/PR_LU_en_LU1273509221_YES_2022-01-05.pdf?apiKey=b9934aa2-1a83-4286-b11b-c8415da9e581"
"141327","LU1345481698","https://api.fundinfo.com/document/3f747d1f435fbd9f8f881219fb25c220_533890/MR_LU_en_LU1345481698_YES_2022-01-31.pdf?apiKey=b9934aa2-1a83-4286-b11b-c8415da9e581","https://api.fundinfo.com/document/68ce146259ae0a157ca1871d786c9718_9676365/PR_LU_en_LU1345481698_YES_2022-01-05.pdf?apiKey=b9934aa2-1a83-4286-b11b-c8415da9e581"
"141328","LU1345481854","https://api.fundinfo.com/document/27ad53732afe476e04822e520c52f8b4_532888/MR_LU_en_LU1345481854_YES_2022-01-31.pdf?apiKey=b9934aa2-1a83-4286-b11b-c8415da9e581","https://api.fundinfo.com/document/68ce146259ae0a157ca1871d786c9718_9676365/PR_LU_en_LU1345481854_YES_2022-01-05.pdf?apiKey=b9934aa2-1a83-4286-b11b-c8415da9e581"
"141329","LU1345482076","https://api.fundinfo.com/document/2453803677edf882cc6631e7f0f6a02a_533189/MR_LU_en_LU1345482076_YES_2022-01-31.pdf?apiKey=b9934aa2-1a83-4286-b11b-c8415da9e581","https://api.fundinfo.com/document/68ce146259ae0a157ca1871d786c9718_9676365/PR_LU_en_LU1345482076_YES_2022-01-05.pdf?apiKey=b9934aa2-1a83-4286-b11b-c8415da9e581"
"141330","LU1345482316","https://api.fundinfo.com/document/1685919fe0f55b42219761a62bd03d29_529839/MR_LU_en_LU1345482316_YES_2022-01-31.pdf?apiKey=b9934aa2-1a83-4286-b11b-c8415da9e581","https://api.fundinfo.com/document/68ce146259ae0a157ca1871d786c9718_9676365/PR_LU_en_LU1345482316_YES_2022-01-05.pdf?apiKey=b9934aa2-1a83-4286-b11b-c8415da9e581"
"141331","LU1391767313","https://api.fundinfo.com/document/134d873df5ed43d355ef288e53ac319a_453272/MR_LU_en_LU1391767313_YES_2022-01-31.pdf?apiKey=b9934aa2-1a83-4286-b11b-c8415da9e581","https://api.fundinfo.com/document/68ce146259ae0a157ca1871d786c9718_9676365/PR_LU_en_LU1391767313_YES_2022-01-05.pdf?apiKey=b9934aa2-1a83-4286-b11b-c8415da9e581"
"141389","LU1883993989","https://api.fundinfo.com/document/34fb358d04763038c5959fb6e78c1529_433177/MR_LU_en_LU1883993989_YES_2022-01-31.pdf?apiKey=b9934aa2-1a83-4286-b11b-c8415da9e581","https://api.fundinfo.com/document/68ce146259ae0a157ca1871d786c9718_9676365/PR_LU_en_LU1883993989_YES_2022-01-05.pdf?apiKey=b9934aa2-1a83-4286-b11b-c8415da9e581"
"141390","LU1883994011","https://api.fundinfo.com/document/39d90b3f1abf7bdf3ff34a9be566646f_427946/MR_LU_en_LU1883994011_YES_2022-01-31.pdf?apiKey=b9934aa2-1a83-4286-b11b-c8415da9e581","https://api.fundinfo.com/document/68ce146259ae0a157ca1871d786c9718_9676365/PR_LU_en_LU1883994011_YES_2022-01-05.pdf?apiKey=b9934aa2-1a83-4286-b11b-c8415da9e581"
"138057","LU0048575426","https://api.fundinfo.com/document/e582c49887aa29e4e3fe3351f4dae461_668249/MR_LU_en_LU0048575426_YES_2022-01-31.pdf?apiKey=b9934aa2-1a83-4286-b11b-c8415da9e581","https://api.fundinfo.com/document/68ce146259ae0a157ca1871d786c9718_9676365/PR_LU_en_LU0048575426_YES_2022-01-05.pdf?apiKey=b9934aa2-1a83-4286-b11b-c8415da9e581"
"138064","LU0055114457","https://api.fundinfo.com/document/20aa2175702bddd759ed37248b2378c5_645262/MR_LU_en_LU0055114457_YES_2022-01-31.pdf?apiKey=b9934aa2-1a83-4286-b11b-c8415da9e581","https://api.fundinfo.com/document/68ce146259ae0a157ca1871d786c9718_9676365/PR_LU_en_LU0055114457_YES_2022-01-05.pdf?apiKey=b9934aa2-1a83-4286-b11b-c8415da9e581"
"141220","LU0905234497","https://api.fundinfo.com/document/ecc748184a6c5eb0497d2ab86c3826f1_464806/MR_LU_en_LU0905234497_YES_2022-01-31.pdf?apiKey=b9934aa2-1a83-4286-b11b-c8415da9e581","https://api.fundinfo.com/document/68ce146259ae0a157ca1871d786c9718_9676365/PR_LU_en_LU0905234497_YES_2022-01-05.pdf?apiKey=b9934aa2-1a83-4286-b11b-c8415da9e581"
"141306","LU1235258255","https://api.fundinfo.com/document/6b7e288e91c7edaad1b8918287dca466_654058/MR_SG_en_LU1235258255_YES_2021-12-31.pdf?apiKey=b9934aa2-1a83-4286-b11b-c8415da9e581","https://api.fundinfo.com/document/dbfd7bb703a87908ac67cc916976cc15_8656617/PR_SG_en_LU1235258255_YES_2022-01-06.pdf?apiKey=b9934aa2-1a83-4286-b11b-c8415da9e581"
"141308","LU1235259576","https://api.fundinfo.com/document/dce3351a996eb26a25e31c80603989a5_1332140/MR_SG_en_LU1235259576_YES_2021-12-31.pdf?apiKey=b9934aa2-1a83-4286-b11b-c8415da9e581","https://api.fundinfo.com/document/dbfd7bb703a87908ac67cc916976cc15_8656617/PR_SG_en_LU1235259576_YES_2022-01-06.pdf?apiKey=b9934aa2-1a83-4286-b11b-c8415da9e581"
"138067","LU0048587868","",""
"138069","LU0048588163","",""
"140959","LU0075458603","",""
"141033","LU0287143431","",""
