"master id","isin name","factsheet link","prospectus link"
"138022","LU1939255532","https://api.fundinfo.com/document/e21a0d3dcfb4ba140050fec3f672ef2c_105101/MR_LU_en_LU1939255532_YES_2022-01-31.pdf?apiKey=b9934aa2-1a83-4286-b11b-c8415da9e581","https://api.fundinfo.com/document/c830011dcc770121f71c863849b9dc81_3052265/PR_LU_en_LU1939255532_YES_2021-12-31.pdf?apiKey=b9934aa2-1a83-4286-b11b-c8415da9e581"
"140874","GB00B01NJ778","https://api.fundinfo.com/document/fd164854806c2f95677093fdf6204fe8_91814/MR_GB_en_GB00B01NJ778_YES_2022-01-31.pdf?apiKey=b9934aa2-1a83-4286-b11b-c8415da9e581","https://api.fundinfo.com/document/3477c1c9c251a423fdfe4428a08cac21_1795784/PR_GB_en_GB00B01NJ778_YES_2021-11-30.pdf?apiKey=b9934aa2-1a83-4286-b11b-c8415da9e581"
"141415","LU2238339852","https://api.fundinfo.com/document/2c98668e65a594a9ffdbe66a68a0edf9_65641/MR_HK_en_LU2238339852_YES_2021-12-31.pdf?apiKey=b9934aa2-1a83-4286-b11b-c8415da9e581","https://api.fundinfo.com/document/c830011dcc770121f71c863849b9dc81_3052265/PR_LU_en_LU2238339852_YES_2021-12-31.pdf?apiKey=b9934aa2-1a83-4286-b11b-c8415da9e581"
"141416","LU2257466305","https://api.fundinfo.com/document/a595f79418dbc30345b179c1c18b1637_59810/MR_SG_en_LU2257466305_YES_2021-12-31.pdf?apiKey=b9934aa2-1a83-4286-b11b-c8415da9e581","https://api.fundinfo.com/document/c830011dcc770121f71c863849b9dc81_3052265/PR_LU_en_LU2257466305_YES_2021-12-31.pdf?apiKey=b9934aa2-1a83-4286-b11b-c8415da9e581"
