"isin name","master_id","factsheet_link","prospectus_link"
"IE00BDRTCH17","140897","https://www.fidelityinternational.com/legal/documents/SG-en/hffs.SG-en.SG.X-3107017.pdf","https://www.fidelityinternational.com/legal/documents/FIC2/SG-en/pr.fic2.SG-en.SG.pdf"
"IE00BDRTCL52","140898","https://www.fidelityinternational.com/legal/documents/SG-en/hffs.SG-en.SG.X-3107017.pdf","https://www.fidelityinternational.com/legal/documents/FIC2/SG-en/pr.fic2.SG-en.SG.pdf"
"IE00BF5GRD90","140900","https://www.fidelityinternational.com/legal/documents/SG-en/hffs.SG-en.SG.X-3107017.pdf","https://www.fidelityinternational.com/legal/documents/FIC2/SG-en/pr.fic2.SG-en.SG.pdf"
"IE00BKPHWW11","140905","https://www.fidelityinternational.com/legal/documents/SG-en/hffs.SG-en.SG.X-3107017.pdf","https://www.fidelityinternational.com/legal/documents/FIC2/SG-en/pr.fic2.SG-en.SG.pdf"
"IE00BKPHWX28","140906","https://www.fidelityinternational.com/legal/documents/SG-en/hffs.SG-en.SG.X-3107017.pdf","https://www.fidelityinternational.com/legal/documents/FIC2/SG-en/pr.fic2.SG-en.SG.pdf"
"LU0048574536","140943","https://www.fidelityinternational.com/legal/documents/SG-en/hffs.SG-en.SG.G-FAFD.pdf","https://www.fidelityinternational.com/legal/documents/FF/SG-en/pr.ff.SG-en.SG.pdf"
"LU0048578792","140944","https://www.fidelityinternational.com/legal/documents/SG-en/hffs.SG-en.SG.G-EEUM.pdf","https://www.fidelityinternational.com/legal/documents/FF/SG-en/pr.ff.SG-en.SG.pdf"
"LU0048585144","140945","https://www.fidelityinternational.com/legal/documents/SG-en/hffs.SG-en.SG.G-FJAY.pdf","https://www.fidelityinternational.com/legal/documents/FF/SG-en/pr.ff.SG-en.SG.pdf"
"LU0048621477","140946","https://www.fidelityinternational.com/legal/documents/SG-en/hffs.SG-en.SG.G-FTHD.pdf","https://www.fidelityinternational.com/legal/documents/FF/SG-en/pr.ff.SG-en.SG.pdf"
"LU0061175625","140952","https://www.fidelityinternational.com/legal/documents/SG-en/hffs.SG-en.SG.G-EESM.pdf","https://www.fidelityinternational.com/legal/documents/FF/SG-en/pr.ff.SG-en.SG.pdf"
"LU0075458603","140959","",""
"LU0099574567","140965","https://www.fidelityinternational.com/legal/documents/SG-en/hffs.SG-en.SG.G-TEC.pdf","https://www.fidelityinternational.com/legal/documents/FF/SG-en/pr.ff.SG-en.SG.pdf"
"LU0110060430","140970","https://www.fidelityinternational.com/legal/documents/SG-en/hffs.SG-en.SG.G-EEHY.pdf","https://www.fidelityinternational.com/legal/documents/FF/SG-en/pr.ff.SG-en.SG.pdf"
"LU0114722498","140972","https://www.fidelityinternational.com/legal/documents/SG-en/hffs.SG-en.SG.G-FNS.pdf","https://www.fidelityinternational.com/legal/documents/FF/SG-en/pr.ff.SG-en.SG.pdf"
"LU0132282301","140977","https://www.fidelityinternational.com/legal/documents/SG-en/hffs.SG-en.SG.G-DUHY.pdf","https://www.fidelityinternational.com/legal/documents/FF/SG-en/pr.ff.SG-en.SG.pdf"
"LU0161332480","140980","https://www.fidelityinternational.com/legal/documents/SG-en/hffs.SG-en.SG.G-FJAF.pdf","https://www.fidelityinternational.com/legal/documents/FF/SG-en/pr.ff.SG-en.SG.pdf"
"LU0168053600","140981","https://www.fidelityinternational.com/legal/documents/SG-en/hffs.SG-en.SG.G-EEHY.pdf","https://www.fidelityinternational.com/legal/documents/FF/SG-en/pr.ff.SG-en.SG.pdf"
"LU0168057262","140982","https://www.fidelityinternational.com/legal/documents/SG-en/hffs.SG-en.SG.G-DUHY.pdf","https://www.fidelityinternational.com/legal/documents/FF/SG-en/pr.ff.SG-en.SG.pdf"
"LU0251142724","141008","https://www.fidelityinternational.com/legal/documents/SG-en/hffs.SG-en.SG.G-AMD.pdf","https://www.fidelityinternational.com/legal/documents/FF/SG-en/pr.ff.SG-en.SG.pdf"
"LU0251143029","141009","https://www.fidelityinternational.com/legal/documents/SG-en/hffs.SG-en.SG.G-FASD.pdf","https://www.fidelityinternational.com/legal/documents/FF/SG-en/pr.ff.SG-en.SG.pdf"
"LU0251143458","141010","https://www.fidelityinternational.com/legal/documents/SG-en/hffs.SG-en.SG.G-EMD.pdf","https://www.fidelityinternational.com/legal/documents/FF/SG-en/pr.ff.SG-en.SG.pdf"
"LU0251144696","141011","https://www.fidelityinternational.com/legal/documents/SG-en/hffs.SG-en.SG.G-FJAY.pdf","https://www.fidelityinternational.com/legal/documents/FF/SG-en/pr.ff.SG-en.SG.pdf"
"LU0251145669","141012","https://www.fidelityinternational.com/legal/documents/SG-en/hffs.SG-en.SG.G-EEHY.pdf","https://www.fidelityinternational.com/legal/documents/FF/SG-en/pr.ff.SG-en.SG.pdf"
"LU0286668453","141029","https://www.fidelityinternational.com/legal/documents/SG-en/hffs.SG-en.SG.G-FAHYU.pdf","https://www.fidelityinternational.com/legal/documents/FF/SG-en/pr.ff.SG-en.SG.pdf"
"LU0286669428","141030","https://www.fidelityinternational.com/legal/documents/SG-en/hffs.SG-en.SG.G-FAHYU.pdf","https://www.fidelityinternational.com/legal/documents/FF/SG-en/pr.ff.SG-en.SG.pdf"
"LU0286669774","141031","https://www.fidelityinternational.com/legal/documents/SG-en/hffs.SG-en.SG.G-FAHYU.pdf","https://www.fidelityinternational.com/legal/documents/FF/SG-en/pr.ff.SG-en.SG.pdf"
"LU0287142896","141032","https://www.fidelityinternational.com/legal/documents/SG-en/hffs.SG-en.SG.G-FCFF.pdf","https://www.fidelityinternational.com/legal/documents/FF/SG-en/pr.ff.SG-en.SG.pdf"
"LU0287143431","141033","",""
"LU0303821028","141048","https://www.fidelityinternational.com/legal/documents/SG-en/hffs.SG-en.SG.G-EEMAA.pdf","https://www.fidelityinternational.com/legal/documents/FF/SG-en/pr.ff.SG-en.SG.pdf"
"LU0353648891","141086","https://www.fidelityinternational.com/legal/documents/SG-en/hffs.SG-en.SG.G-GILU.pdf","https://www.fidelityinternational.com/legal/documents/FF/SG-en/pr.ff.SG-en.SG.pdf"
"LU0550127509","141127","https://www.fidelityinternational.com/legal/documents/SG-en/hffs.SG-en.SG.G-EEUM.pdf","https://www.fidelityinternational.com/legal/documents/FF/SG-en/pr.ff.SG-en.SG.pdf"
"LU0594300419","141140","https://www.fidelityinternational.com/legal/documents/SG-en/hffs.SG-en.SG.G-COO.pdf","https://www.fidelityinternational.com/legal/documents/FF/SG-en/pr.ff.SG-en.SG.pdf"
"LU0731783394","141163","https://www.fidelityinternational.com/legal/documents/SG-en/hffs.SG-en.SG.G-GDMUS.pdf","https://www.fidelityinternational.com/legal/documents/FF/SG-en/pr.ff.SG-en.SG.pdf"
"LU0742534661","141169","https://www.fidelityinternational.com/legal/documents/SG-en/hffs.SG-en.SG.G-AMD.pdf","https://www.fidelityinternational.com/legal/documents/FF/SG-en/pr.ff.SG-en.SG.pdf"
"LU0905234497","141220","https://www.fidelityinternational.com/legal/documents/SG-en/hffs.SG-en.SG.G-GMIAU.pdf","https://www.fidelityinternational.com/legal/documents/FF/SG-en/pr.ff.SG-en.SG.pdf"
"LU0905234570","141221","https://www.fidelityinternational.com/legal/documents/SG-en/hffs.SG-en.SG.G-GMIAU.pdf","https://www.fidelityinternational.com/legal/documents/FF/SG-en/pr.ff.SG-en.SG.pdf"
"LU0963029086","141235","https://www.fidelityinternational.com/legal/documents/SG-en/hffs.SG-en.SG.G-AMD.pdf","https://www.fidelityinternational.com/legal/documents/FF/SG-en/pr.ff.SG-en.SG.pdf"
"LU0997586515","141254","https://www.fidelityinternational.com/legal/documents/SG-en/hffs.SG-en.SG.G-EEMCA.pdf","https://www.fidelityinternational.com/legal/documents/FF/SG-en/pr.ff.SG-en.SG.pdf"
"LU1046420631","141268","https://www.fidelityinternational.com/legal/documents/SG-en/hffs.SG-en.SG.G-FAHYU.pdf","https://www.fidelityinternational.com/legal/documents/FF/SG-en/pr.ff.SG-en.SG.pdf"
"LU1046420987","141269","https://www.fidelityinternational.com/legal/documents/SG-en/hffs.SG-en.SG.G-GMIAU.pdf","https://www.fidelityinternational.com/legal/documents/FF/SG-en/pr.ff.SG-en.SG.pdf"
"LU1084809042","141278","https://www.fidelityinternational.com/legal/documents/SG-en/hffs.SG-en.SG.G-EEHY.pdf","https://www.fidelityinternational.com/legal/documents/FF/SG-en/pr.ff.SG-en.SG.pdf"
"LU1084809471","141279","https://www.fidelityinternational.com/legal/documents/SG-en/hffs.SG-en.SG.G-GMIAU.pdf","https://www.fidelityinternational.com/legal/documents/FF/SG-en/pr.ff.SG-en.SG.pdf"
"LU1235257950","141305","https://www.fidelityinternational.com/legal/documents/SG-en/hffs.SG-en.SG.G-AMD.pdf","https://www.fidelityinternational.com/legal/documents/FF/SG-en/pr.ff.SG-en.SG.pdf"
"LU1235258255","141306","https://www.fidelityinternational.com/legal/documents/SG-en/hffs.SG-en.SG.G-AMD.pdf","https://www.fidelityinternational.com/legal/documents/FF/SG-en/pr.ff.SG-en.SG.pdf"
"LU1235258685","141307","https://www.fidelityinternational.com/legal/documents/SG-en/hffs.SG-en.SG.G-EMD.pdf","https://www.fidelityinternational.com/legal/documents/FF/SG-en/pr.ff.SG-en.SG.pdf"
"LU1235259576","141308","https://www.fidelityinternational.com/legal/documents/SG-en/hffs.SG-en.SG.G-EEUM.pdf","https://www.fidelityinternational.com/legal/documents/FF/SG-en/pr.ff.SG-en.SG.pdf"
"LU1235260079","141309","https://www.fidelityinternational.com/legal/documents/SG-en/hffs.SG-en.SG.G-AMD.pdf","https://www.fidelityinternational.com/legal/documents/FF/SG-en/pr.ff.SG-en.SG.pdf"
"LU1235260665","141310","https://www.fidelityinternational.com/legal/documents/SG-en/hffs.SG-en.SG.G-FANS.pdf","https://www.fidelityinternational.com/legal/documents/FF/SG-en/pr.ff.SG-en.SG.pdf"
"LU1235261044","141311","https://www.fidelityinternational.com/legal/documents/SG-en/hffs.SG-en.SG.G-FHGD.pdf","https://www.fidelityinternational.com/legal/documents/FF/SG-en/pr.ff.SG-en.SG.pdf"
"LU1235261390","141312","https://www.fidelityinternational.com/legal/documents/SG-en/hffs.SG-en.SG.G-FCFF.pdf","https://www.fidelityinternational.com/legal/documents/FF/SG-en/pr.ff.SG-en.SG.pdf"
"LU1235294219","141313","https://www.fidelityinternational.com/legal/documents/SG-en/hffs.SG-en.SG.G-FAHYU.pdf","https://www.fidelityinternational.com/legal/documents/FF/SG-en/pr.ff.SG-en.SG.pdf"
"LU1273509221","141316","https://www.fidelityinternational.com/legal/documents/SG-en/hffs.SG-en.SG.G-EEMCA.pdf","https://www.fidelityinternational.com/legal/documents/FF/SG-en/pr.ff.SG-en.SG.pdf"
"LU1345481698","141327","https://www.fidelityinternational.com/legal/documents/SG-en/hffs.SG-en.SG.G-CHYUS.pdf","https://www.fidelityinternational.com/legal/documents/FF/SG-en/pr.ff.SG-en.SG.pdf"
"LU1345481854","141328","https://www.fidelityinternational.com/legal/documents/SG-en/hffs.SG-en.SG.G-CHYUS.pdf","https://www.fidelityinternational.com/legal/documents/FF/SG-en/pr.ff.SG-en.SG.pdf"
"LU1345482076","141329","https://www.fidelityinternational.com/legal/documents/SG-en/hffs.SG-en.SG.G-CHYUS.pdf","https://www.fidelityinternational.com/legal/documents/FF/SG-en/pr.ff.SG-en.SG.pdf"
"LU1345482316","141330","https://www.fidelityinternational.com/legal/documents/SG-en/hffs.SG-en.SG.G-CHYUS.pdf","https://www.fidelityinternational.com/legal/documents/FF/SG-en/pr.ff.SG-en.SG.pdf"
"LU1391767313","141331","https://www.fidelityinternational.com/legal/documents/SG-en/hffs.SG-en.SG.G-GMIAU.pdf","https://www.fidelityinternational.com/legal/documents/FF/SG-en/pr.ff.SG-en.SG.pdf"
"LU1883993989","141389","https://www.fidelityinternational.com/legal/documents/SG-en/hffs.SG-en.SG.G-GMIAU.pdf","https://www.fidelityinternational.com/legal/documents/FF/SG-en/pr.ff.SG-en.SG.pdf"
"LU1883994011","141390","https://www.fidelityinternational.com/legal/documents/SG-en/hffs.SG-en.SG.G-GMIAU.pdf","https://www.fidelityinternational.com/legal/documents/FF/SG-en/pr.ff.SG-en.SG.pdf"
