Security ID,Company Name,Symbol,domain,,,count=10
138610,Finisterre Unconstrained Emerging Markets Fixed Income(Acc),IE00BD2ZKR05,https://www.fundinfo.com/en/GB-prof/LandingPage?query,3858,Factsheet,
138611,Finisterre Unconstrained Emerging Markets Fixed Income (DIS - Plus ),IE00BKHY2970,https://www.fundinfo.com/en/GB-prof/LandingPage?query,3858,Factsheet,
140792,Principal Global Investors Funds - Finisterre Unconstrained Emerging Market Fxd Inc Fd A Hdg Inc EUR,IE00BD2ZKV41,https://www.fundinfo.com/en/GB-prof/LandingPage?query,3858,Factsheet,
138149,Principal Global Investors Funds - Finisterre Unconstrained Emerging Market Fxd Inc Fd A2 Inc USD,IE00BD5DFJ88,https://www.fundinfo.com/en/GB-prof/LandingPage?query,3858,Factsheet,
138172,Principal IAM (IE) Global Sukuk Fund A Acc USD,IE00BZBXG372,https://www.fundinfo.com/en/IE-prof/LandingPage?query,3858,Factsheet,
138173,Principal IAM (IE) Islamic ASEAN Equity Fund A Acc USD,IE00B56MXK54,https://www.fundinfo.com/en/IE-prof/LandingPage?query,3858,Factsheet,
138621,Principal - Finisterre Unconstrained Emerging Markets Fixed Income (DIS - Plus),IE00BKHY2863,https://www.fundinfo.com/en/GB-prof/LandingPage?query,3858,Factsheet,
138713,Principal Global Sukuk Fund - Dist,IE00BZBXG489,https://www.fundinfo.com/en/GB-prof/LandingPage?query,3858,Factsheet,
138714,Principal Global Sukuk Fund - Dist,IE00BZBXG604,https://www.fundinfo.com/en/IE-prof/LandingPage?query,3858,Factsheet,
140791,Principal Global Investors Funds - Finisterre Unconstrained Emerging Market Fxd Inc Fd F Inc USD,IE00BJLTWV31,https://www.fundinfo.com/en/GB-prof/LandingPage?query,3858,Factsheet,
,,,,,,
138610,Finisterre Unconstrained Emerging Markets Fixed Income(Acc),IE00BD2ZKR05,https://www.fundinfo.com/en/GB-prof/LandingPage?query,3859,Prospectus,
138611,Finisterre Unconstrained Emerging Markets Fixed Income (DIS - Plus ),IE00BKHY2970,https://www.fundinfo.com/en/GB-prof/LandingPage?query,3859,Prospectus,
140792,Principal Global Investors Funds - Finisterre Unconstrained Emerging Market Fxd Inc Fd A Hdg Inc EUR,IE00BD2ZKV41,https://www.fundinfo.com/en/GB-prof/LandingPage?query,3859,Prospectus,
138149,Principal Global Investors Funds - Finisterre Unconstrained Emerging Market Fxd Inc Fd A2 Inc USD,IE00BD5DFJ88,https://www.fundinfo.com/en/GB-prof/LandingPage?query,3859,Prospectus,
138172,Principal IAM (IE) Global Sukuk Fund A Acc USD,IE00BZBXG372,https://www.fundinfo.com/en/IE-prof/LandingPage?query,3859,Prospectus,
138173,Principal IAM (IE) Islamic ASEAN Equity Fund A Acc USD,IE00B56MXK54,https://www.fundinfo.com/en/IE-prof/LandingPage?query,3859,Prospectus,
138621,Principal - Finisterre Unconstrained Emerging Markets Fixed Income (DIS - Plus),IE00BKHY2863,https://www.fundinfo.com/en/GB-prof/LandingPage?query,3859,Prospectus,
138713,Principal Global Sukuk Fund - Dist,IE00BZBXG489,https://www.fundinfo.com/en/GB-prof/LandingPage?query,3859,Prospectus,
138714,Principal Global Sukuk Fund - Dist,IE00BZBXG604,https://www.fundinfo.com/en/IE-prof/LandingPage?query,3859,Prospectus,
140791,Principal Global Investors Funds - Finisterre Unconstrained Emerging Market Fxd Inc Fd F Inc USD,IE00BJLTWV31,https://www.fundinfo.com/en/GB-prof/LandingPage?query,3859,Prospectus,
