"master_id","isin name","factsheet_link","prospectus_link"
"138172","IE00BZBXG372","https://api.fundinfo.com/document/a594ecd79ab7c4e37d86ebbac03dfac6_272866/MR_IE_en_IE00BZBXG372_YES_2021-12-31.pdf?apiKey=b9934aa2-1a83-4286-b11b-c8415da9e581","https://api.fundinfo.com/document/68bab982d1ed4c9e1b0a7be2891bea2a_759218/PR_IE_en_IE00BZBXG372_YES_2020-06-12.pdf?apiKey=b9934aa2-1a83-4286-b11b-c8415da9e581"
"138173","IE00B56MXK54","https://api.fundinfo.com/document/06bc64e2f0b3411663380b8891166f69_271836/MR_IE_en_IE00B56MXK54_YES_2021-12-31.pdf?apiKey=b9934aa2-1a83-4286-b11b-c8415da9e581","https://api.fundinfo.com/document/68bab982d1ed4c9e1b0a7be2891bea2a_759218/PR_IE_en_IE00B56MXK54_YES_2020-06-12.pdf?apiKey=b9934aa2-1a83-4286-b11b-c8415da9e581"
"138714","IE00BZBXG604","https://api.fundinfo.com/document/39945f8b4c0d04ff7e73dd57a5d6993a_250230/MR_IE_en_IE00BZBXG604_YES_2021-12-31.pdf?apiKey=b9934aa2-1a83-4286-b11b-c8415da9e581","https://api.fundinfo.com/document/68bab982d1ed4c9e1b0a7be2891bea2a_759218/PR_IE_en_IE00BZBXG604_YES_2020-06-12.pdf?apiKey=b9934aa2-1a83-4286-b11b-c8415da9e581"
"138610","IE00BD2ZKR05","https://api.fundinfo.com/document/313f4819dde0d8c49329ef7567b5d3b8_163574/MR_IE_en_IE00BD2ZKR05_YES_2021-12-31.pdf?apiKey=b9934aa2-1a83-4286-b11b-c8415da9e581","https://api.fundinfo.com/document/a8c2a779a862ee264ed38cc5dd7d5392_5057063/PR_IE_en_IE00BD2ZKR05_YES_2021-12-16.pdf?apiKey=b9934aa2-1a83-4286-b11b-c8415da9e581"
"138611","IE00BKHY2970","https://api.fundinfo.com/document/a19369750fe0342ff0d3f5e34130d62f_164222/MR_IE_en_IE00BKHY2970_YES_2021-12-31.pdf?apiKey=b9934aa2-1a83-4286-b11b-c8415da9e581","https://api.fundinfo.com/document/a8c2a779a862ee264ed38cc5dd7d5392_5057063/PR_IE_en_IE00BKHY2970_YES_2021-12-16.pdf?apiKey=b9934aa2-1a83-4286-b11b-c8415da9e581"
"140792","IE00BD2ZKV41","https://api.fundinfo.com/document/4a9c4bb63ff05712a60b6fe0f2a0bfce_164684/MR_IE_en_IE00BD2ZKV41_YES_2021-12-31.pdf?apiKey=b9934aa2-1a83-4286-b11b-c8415da9e581","https://api.fundinfo.com/document/a8c2a779a862ee264ed38cc5dd7d5392_5057063/PR_IE_en_IE00BD2ZKV41_YES_2021-12-16.pdf?apiKey=b9934aa2-1a83-4286-b11b-c8415da9e581"
"138149","IE00BD5DFJ88","https://api.fundinfo.com/document/1cc3628dc0c7080bd05279e25b59702d_166400/MR_IE_en_IE00BD5DFJ88_YES_2021-12-31.pdf?apiKey=b9934aa2-1a83-4286-b11b-c8415da9e581","https://api.fundinfo.com/document/a8c2a779a862ee264ed38cc5dd7d5392_5057063/PR_IE_en_IE00BD5DFJ88_YES_2021-12-16.pdf?apiKey=b9934aa2-1a83-4286-b11b-c8415da9e581"
"138621","IE00BKHY2863","https://api.fundinfo.com/document/38956dadf08704a31a54af387389fee5_164010/MR_IE_en_IE00BKHY2863_YES_2021-12-31.pdf?apiKey=b9934aa2-1a83-4286-b11b-c8415da9e581","https://api.fundinfo.com/document/a8c2a779a862ee264ed38cc5dd7d5392_5057063/PR_IE_en_IE00BKHY2863_YES_2021-12-16.pdf?apiKey=b9934aa2-1a83-4286-b11b-c8415da9e581"
"138713","IE00BZBXG489","https://api.fundinfo.com/document/5fe521484a0554b45595c8cc65ca36c4_250147/MR_IE_en_IE00BZBXG489_YES_2021-12-31.pdf?apiKey=b9934aa2-1a83-4286-b11b-c8415da9e581","https://api.fundinfo.com/document/68bab982d1ed4c9e1b0a7be2891bea2a_759218/PR_IE_en_IE00BZBXG489_YES_2020-06-12.pdf?apiKey=b9934aa2-1a83-4286-b11b-c8415da9e581"
"140791","IE00BJLTWV31","https://api.fundinfo.com/document/70fe75bc444feae23ce1211a72a4d1bd_165101/MR_IE_en_IE00BJLTWV31_YES_2021-12-31.pdf?apiKey=b9934aa2-1a83-4286-b11b-c8415da9e581","https://api.fundinfo.com/document/a8c2a779a862ee264ed38cc5dd7d5392_5057063/PR_IE_en_IE00BJLTWV31_YES_2021-12-16.pdf?apiKey=b9934aa2-1a83-4286-b11b-c8415da9e581"
