Security ID,Symbol,Company Name
141342,LU1509826696,FF - Global Dividend Fund A-MCDIST(G)-USD Cash
141419,LU2375672263,FF - Global Dividend Fund A-MCDIST(G)-SGD (SGD/USD-H) Cash
140873,GB0030932676,M&G GLOBAL THEMES FUND A (EUR)
140870,DE0008475021,Industria A EUR
141395,LU1974910355,Allianz Thematica Fund
141727,LU0093504206,BGF - Global High Yield Bond Fund (Hedged)
141728,LU1003077580,BGF - Global Multi Asset Income Fund A8 Hedged (MDIST)- CAD
141729,LU0330917963,BGF - US Dollar High Yield Bond Fund (Hedged)
141730,LU1200839881,BGF - Asian Tiger Bond Fund (MDIST)- CAD
141731,LU0260870158,FTIF -Franklin Technology Fund
141732,LU2077746696,BGF China Bond Fund (Hedged)
141718,LU0212925753,BGF - Global Allocation Fund
141280,LU1093756242,Franklin K2 Alternative Strategies Fund A (acc) EUR-H1
141725,LU1981791327,Allianz Thematica Fund
141726,LU2237443382,Aberdeen Standard - Global Dynamic Dividend Fund
141742,LU1070113664,Allianz Income and Growth Fund
141743,LU1811366001,BGF - Dynamic High Income Fund (MDIST) CAD Hedged
141744,LU0238689623,BGF - Global Dynamic Equity Fund
141745,LU0171285314,BGF - Global Long Horizon Equity Fund
141746,LU0260870661,FTIF -Global Total Return Fund
141747,LU0768355603,FTIF -Templeton Emerging Markets Bond Fund
141748,LU0626262082,FTIF -Templeton Emerging Markets Fund
141749,LU0260865158,FTIF -Templeton Latin America Fund
141750,LU0260869739,FTIF -US Opportunities Fund
141751,LU0248172537,Schroder ISF - Emerging Asia Fund
141752,LU0218201050,Schroder ISF - Emerging markets Debt Absolute Return Fund
141753,LU0351442180,Schroder ISF - Global Convertible Bond fund
141754,LU0352097439,Schroder ISF - Global Convertible Bond fund
141755,LU0489880327,Schroder ISF - Global Convertible Bond fund
141756,LU0903425840,Schroder ISF - Global Multi Asset Income Fund
141757,LU0757360457,Schroder ISF - Global Multi Asset Income Fund
141758,LU0365775922,Schroder ISF - Greater China Fund
141759,LU0955662357,Schroder ISF- Asia Dividend Maximiser Fund
141760,LU0248179540,Schroders ISF Global Corporate Bond Fund (Hedged)