"master id","isin name","factsheet link","prospectus link"
"141342","LU1509826696","https://api.fundinfo.com/document/ce07c8952f3e4ec6cf9be1c8e59731b4_620448/MR_LU_en_LU1509826696_YES_2022-01-31.pdf?apiKey=b9934aa2-1a83-4286-b11b-c8415da9e581","https://api.fundinfo.com/document/68ce146259ae0a157ca1871d786c9718_9676365/PR_LU_en_LU1509826696_YES_2022-01-05.pdf?apiKey=b9934aa2-1a83-4286-b11b-c8415da9e581"
"141395","LU1974910355","https://api.fundinfo.com/document/e06fe488407f65d3932ce104ba7210fa_155884/MR_SG_en_LU1974910355_YES_2021-12-31.pdf?apiKey=b9934aa2-1a83-4286-b11b-c8415da9e581","https://api.fundinfo.com/document/30691450f5cd2e966e8f646ea3848408_8030977/PR_SG_en_LU1974910355_YES_2021-11-15.pdf?apiKey=b9934aa2-1a83-4286-b11b-c8415da9e581"
"141727","LU0093504206","https://api.fundinfo.com/document/c97334faf7418bd5090ce29be1c1ad7d_133918/MR_SG_en_LU0093504206_YES_2022-01-31.pdf?apiKey=b9934aa2-1a83-4286-b11b-c8415da9e581","https://api.fundinfo.com/document/a1eff9b0d5c120fb5dc39a296936f791_2227867/PR_LU_en_LU0093504206_YES_2021-03-15.pdf?apiKey=b9934aa2-1a83-4286-b11b-c8415da9e581"
"141728","LU1003077580","https://api.fundinfo.com/document/1cec09490bd3a7304cd45271018eb88e_204065/MR_HK_en_LU1003077580_YES_2022-01-31.pdf?apiKey=b9934aa2-1a83-4286-b11b-c8415da9e581","https://api.fundinfo.com/document/a1eff9b0d5c120fb5dc39a296936f791_2227867/PR_LU_en_LU1003077580_YES_2021-03-15.pdf?apiKey=b9934aa2-1a83-4286-b11b-c8415da9e581"
"141729","LU0330917963","https://api.fundinfo.com/document/bc788c859935229b40b7b0ca22ba25a2_146658/MR_SG_en_LU0330917963_YES_2022-01-31.pdf?apiKey=b9934aa2-1a83-4286-b11b-c8415da9e581","https://api.fundinfo.com/document/a1eff9b0d5c120fb5dc39a296936f791_2227867/PR_LU_en_LU0330917963_YES_2021-03-15.pdf?apiKey=b9934aa2-1a83-4286-b11b-c8415da9e581"
"141730","LU1200839881","https://api.fundinfo.com/document/d8a2bf32e59b1f960b5a4df853eef714_134665/MR_SG_en_LU1200839881_YES_2022-01-31.pdf?apiKey=b9934aa2-1a83-4286-b11b-c8415da9e581","https://api.fundinfo.com/document/a1eff9b0d5c120fb5dc39a296936f791_2227867/PR_LU_en_LU1200839881_YES_2021-03-15.pdf?apiKey=b9934aa2-1a83-4286-b11b-c8415da9e581"
"141731","LU0260870158","https://api.fundinfo.com/document/a450144fc137fcfd6b65d91f6a404cf6_199245/MR_LU_en_LU0260870158_YES_2021-12-31.pdf?apiKey=b9934aa2-1a83-4286-b11b-c8415da9e581","https://api.fundinfo.com/document/415df4a62cffc12999f1c6abe242a097_2439198/PR_LU_en_LU0260870158_YES_2022-01-19.pdf?apiKey=b9934aa2-1a83-4286-b11b-c8415da9e581"
"141732","LU2077746696","https://api.fundinfo.com/document/a952267b359b30a485c5dab17ec60b7d_107435/MR_SG_en_LU2077746696_YES_2022-01-31.pdf?apiKey=b9934aa2-1a83-4286-b11b-c8415da9e581","https://api.fundinfo.com/document/a1eff9b0d5c120fb5dc39a296936f791_2227867/PR_LU_en_LU2077746696_YES_2021-03-15.pdf?apiKey=b9934aa2-1a83-4286-b11b-c8415da9e581"
"141718","LU0212925753","https://api.fundinfo.com/document/bda188504178ad5fa331cfebfa71aa25_136892/MR_SG_en_LU0212925753_YES_2022-01-31.pdf?apiKey=b9934aa2-1a83-4286-b11b-c8415da9e581","https://api.fundinfo.com/document/a1eff9b0d5c120fb5dc39a296936f791_2227867/PR_LU_en_LU0212925753_YES_2021-03-15.pdf?apiKey=b9934aa2-1a83-4286-b11b-c8415da9e581"
"141280","LU1093756242","https://api.fundinfo.com/document/35b2bf764dbdd17ec3eb6036151a2ff6_210218/MR_LU_en_LU1093756242_YES_2021-12-31.pdf?apiKey=b9934aa2-1a83-4286-b11b-c8415da9e581","https://api.fundinfo.com/document/415df4a62cffc12999f1c6abe242a097_2439198/PR_LU_en_LU1093756242_YES_2022-01-19.pdf?apiKey=b9934aa2-1a83-4286-b11b-c8415da9e581"
"141726","LU2237443382","https://api.fundinfo.com/document/e84076a44c4b6725b6930f42cfaec77f_97573/MR_LU_en_LU2237443382_YES_2022-01-31.pdf?apiKey=b9934aa2-1a83-4286-b11b-c8415da9e581","https://api.fundinfo.com/document/e63a727082347b8788a55ee431c5561d_2173577/PR_LU_en_LU2237443382_YES_2022-01-01.pdf?apiKey=b9934aa2-1a83-4286-b11b-c8415da9e581"
"141742","LU1070113664","https://api.fundinfo.com/document/1c99ba357838a232e7050af55ea6f661_154368/MR_SG_en_LU1070113664_YES_2021-12-31.pdf?apiKey=b9934aa2-1a83-4286-b11b-c8415da9e581","https://api.fundinfo.com/document/18400f082e08fcb64ef6860aab59afff_2970426/PR_LU_en_LU1070113664_YES_2021-12-31.pdf?apiKey=b9934aa2-1a83-4286-b11b-c8415da9e581"
"141743","LU1811366001","https://api.fundinfo.com/document/d1a9b38cb7dff8eb0b91e02cc8c728c7_106905/MR_SG_en_LU1811366001_YES_2022-01-31.pdf?apiKey=b9934aa2-1a83-4286-b11b-c8415da9e581","https://api.fundinfo.com/document/a1eff9b0d5c120fb5dc39a296936f791_2227867/PR_LU_en_LU1811366001_YES_2021-03-15.pdf?apiKey=b9934aa2-1a83-4286-b11b-c8415da9e581"
"141744","LU0238689623","https://api.fundinfo.com/document/db31b621cb825414f1debb0f3b93ad30_157385/MR_SG_en_LU0238689623_YES_2022-01-31.pdf?apiKey=b9934aa2-1a83-4286-b11b-c8415da9e581","https://api.fundinfo.com/document/a1eff9b0d5c120fb5dc39a296936f791_2227867/PR_LU_en_LU0238689623_YES_2021-03-15.pdf?apiKey=b9934aa2-1a83-4286-b11b-c8415da9e581"
"141745","LU0171285314","https://api.fundinfo.com/document/fd322880c2a57327c16c12fb28138580_116166/MR_SG_en_LU0171285314_YES_2022-01-31.pdf?apiKey=b9934aa2-1a83-4286-b11b-c8415da9e581","https://api.fundinfo.com/document/a1eff9b0d5c120fb5dc39a296936f791_2227867/PR_LU_en_LU0171285314_YES_2021-03-15.pdf?apiKey=b9934aa2-1a83-4286-b11b-c8415da9e581"
"141746","LU0260870661","https://api.fundinfo.com/document/6c514edc2478e7c06d0db2fafe0c44e2_198104/MR_LU_en_LU0260870661_YES_2021-12-31.pdf?apiKey=b9934aa2-1a83-4286-b11b-c8415da9e581","https://api.fundinfo.com/document/415df4a62cffc12999f1c6abe242a097_2439198/PR_LU_en_LU0260870661_YES_2022-01-19.pdf?apiKey=b9934aa2-1a83-4286-b11b-c8415da9e581"
"141747","LU0768355603","https://api.fundinfo.com/document/54feabc593b46271151ce5de864fc419_201043/MR_LU_en_LU0768355603_YES_2021-12-31.pdf?apiKey=b9934aa2-1a83-4286-b11b-c8415da9e581","https://api.fundinfo.com/document/415df4a62cffc12999f1c6abe242a097_2439198/PR_LU_en_LU0768355603_YES_2022-01-19.pdf?apiKey=b9934aa2-1a83-4286-b11b-c8415da9e581"
"141748","LU0626262082","https://api.fundinfo.com/document/ed4f5c2bea5af940afb0bdd610f5dd25_197788/MR_LU_en_LU0626262082_YES_2021-12-31.pdf?apiKey=b9934aa2-1a83-4286-b11b-c8415da9e581","https://api.fundinfo.com/document/415df4a62cffc12999f1c6abe242a097_2439198/PR_LU_en_LU0626262082_YES_2022-01-19.pdf?apiKey=b9934aa2-1a83-4286-b11b-c8415da9e581"
"141749","LU0260865158","https://api.fundinfo.com/document/9aabc01aa07bd66a001ec612a88f4029_197828/MR_LU_en_LU0260865158_YES_2021-12-31.pdf?apiKey=b9934aa2-1a83-4286-b11b-c8415da9e581","https://api.fundinfo.com/document/415df4a62cffc12999f1c6abe242a097_2439198/PR_LU_en_LU0260865158_YES_2022-01-19.pdf?apiKey=b9934aa2-1a83-4286-b11b-c8415da9e581"
"141750","LU0260869739","https://api.fundinfo.com/document/714ea2986f23d17460a39f60fbbf95b5_201004/MR_LU_en_LU0260869739_YES_2021-12-31.pdf?apiKey=b9934aa2-1a83-4286-b11b-c8415da9e581","https://api.fundinfo.com/document/415df4a62cffc12999f1c6abe242a097_2439198/PR_LU_en_LU0260869739_YES_2022-01-19.pdf?apiKey=b9934aa2-1a83-4286-b11b-c8415da9e581"
"141751","LU0248172537","https://api.fundinfo.com/document/1fd52b55c2e3b91364013ccaa3761a33_187747/MR_LU_en_LU0248172537_YES_2021-12-31.pdf?apiKey=b9934aa2-1a83-4286-b11b-c8415da9e581","https://api.fundinfo.com/document/5237e1deeaec211340a7f28d7c8a5a3a_2756830/PR_LU_en_LU0248172537_YES_2021-11-11.pdf?apiKey=b9934aa2-1a83-4286-b11b-c8415da9e581"
"141752","LU0218201050","https://api.fundinfo.com/document/12b9d5b5fbcdb696340256dcd4101016_218568/MR_LU_en_LU0218201050_YES_2021-10-31.pdf?apiKey=b9934aa2-1a83-4286-b11b-c8415da9e581","https://api.fundinfo.com/document/5237e1deeaec211340a7f28d7c8a5a3a_2756830/PR_LU_en_LU0218201050_YES_2021-11-11.pdf?apiKey=b9934aa2-1a83-4286-b11b-c8415da9e581"
"141753","LU0351442180","https://api.fundinfo.com/document/30f765fe7b0a95826cf1bd81b7020b80_184538/MR_LU_en_LU0351442180_YES_2021-12-31.pdf?apiKey=b9934aa2-1a83-4286-b11b-c8415da9e581","https://api.fundinfo.com/document/5237e1deeaec211340a7f28d7c8a5a3a_2756830/PR_LU_en_LU0351442180_YES_2021-11-11.pdf?apiKey=b9934aa2-1a83-4286-b11b-c8415da9e581"
"141754","LU0352097439","https://api.fundinfo.com/document/8e0e98556ad98ea1e85ac56f48ae1294_191151/MR_LU_en_LU0352097439_YES_2021-12-31.pdf?apiKey=b9934aa2-1a83-4286-b11b-c8415da9e581","https://api.fundinfo.com/document/5237e1deeaec211340a7f28d7c8a5a3a_2756830/PR_LU_en_LU0352097439_YES_2021-11-11.pdf?apiKey=b9934aa2-1a83-4286-b11b-c8415da9e581"
"141755","LU0489880327","https://api.fundinfo.com/document/c60fa19273f085160ecaafc6ecdd1ac4_192395/MR_CH_en_LU0489880327_YES_2021-12-31.pdf?apiKey=b9934aa2-1a83-4286-b11b-c8415da9e581","https://api.fundinfo.com/document/5237e1deeaec211340a7f28d7c8a5a3a_2756830/PR_LU_en_LU0489880327_YES_2021-11-11.pdf?apiKey=b9934aa2-1a83-4286-b11b-c8415da9e581"
"141756","LU0903425840","https://api.fundinfo.com/document/10d71f2654e8ebdd80b8cd34bc2e25ec_372372/MR_HK_en_LU0903425840_YES_2021-12-31.pdf?apiKey=b9934aa2-1a83-4286-b11b-c8415da9e581","https://api.fundinfo.com/document/5237e1deeaec211340a7f28d7c8a5a3a_2756830/PR_LU_en_LU0903425840_YES_2021-11-11.pdf?apiKey=b9934aa2-1a83-4286-b11b-c8415da9e581"
"141757","LU0757360457","https://api.fundinfo.com/document/f71587b49249139e6ccbe289a1e5cf51_319531/MR_LU_en_LU0757360457_YES_2021-12-31.pdf?apiKey=b9934aa2-1a83-4286-b11b-c8415da9e581","https://api.fundinfo.com/document/5237e1deeaec211340a7f28d7c8a5a3a_2756830/PR_LU_en_LU0757360457_YES_2021-11-11.pdf?apiKey=b9934aa2-1a83-4286-b11b-c8415da9e581"
"141758","LU0365775922","https://api.fundinfo.com/document/17482ad7ed44cf418642e98aea6e8bbe_187089/MR_LU_en_LU0365775922_YES_2021-12-31.pdf?apiKey=b9934aa2-1a83-4286-b11b-c8415da9e581","https://api.fundinfo.com/document/5237e1deeaec211340a7f28d7c8a5a3a_2756830/PR_LU_en_LU0365775922_YES_2021-11-11.pdf?apiKey=b9934aa2-1a83-4286-b11b-c8415da9e581"
"141759","LU0955662357","https://api.fundinfo.com/document/18aa8dd55ae6fa3e1eff4cbb0c715a62_331775/MR_LU_en_LU0955662357_YES_2021-12-31.pdf?apiKey=b9934aa2-1a83-4286-b11b-c8415da9e581","https://api.fundinfo.com/document/5237e1deeaec211340a7f28d7c8a5a3a_2756830/PR_LU_en_LU0955662357_YES_2021-11-11.pdf?apiKey=b9934aa2-1a83-4286-b11b-c8415da9e581"
"141760","LU0248179540","https://api.fundinfo.com/document/f354585c303321d8670fe7f1184a4a6c_337407/MR_GB_en_LU0248179540_YES_2021-12-31.pdf?apiKey=b9934aa2-1a83-4286-b11b-c8415da9e581","https://api.fundinfo.com/document/5237e1deeaec211340a7f28d7c8a5a3a_2756830/PR_LU_en_LU0248179540_YES_2021-11-11.pdf?apiKey=b9934aa2-1a83-4286-b11b-c8415da9e581"
"140873","GB0030932676","https://api.fundinfo.com/document/f41d06a5307dfff2f4bb4d1628447b52_98672/MR_CH_en_GB0030932676_YES_2022-01-31.pdf?apiKey=b9934aa2-1a83-4286-b11b-c8415da9e581","https://api.fundinfo.com/document/bd4db4c17ce47964ec9b0d00f4f0fb87_1003186/PR_CH_de_GB0030932676_YES_2021-12-10.pdf?apiKey=b9934aa2-1a83-4286-b11b-c8415da9e581"
"140873","GB0030932676","https://api.fundinfo.com/document/f41d06a5307dfff2f4bb4d1628447b52_98672/MR_CH_en_GB0030932676_YES_2022-01-31.pdf?apiKey=b9934aa2-1a83-4286-b11b-c8415da9e581","https://api.fundinfo.com/document/bd4db4c17ce47964ec9b0d00f4f0fb87_1003186/PR_CH_de_GB0030932676_YES_2021-12-10.pdf?apiKey=b9934aa2-1a83-4286-b11b-c8415da9e581"
"140873","GB0030932676","https://api.fundinfo.com/document/f41d06a5307dfff2f4bb4d1628447b52_98672/MR_CH_en_GB0030932676_YES_2022-01-31.pdf?apiKey=b9934aa2-1a83-4286-b11b-c8415da9e581","https://api.fundinfo.com/document/bd4db4c17ce47964ec9b0d00f4f0fb87_1003186/PR_CH_de_GB0030932676_YES_2021-12-10.pdf?apiKey=b9934aa2-1a83-4286-b11b-c8415da9e581"
"141725","LU1981791327","https://api.fundinfo.com/document/4a32d7a84439cead7c9d50b84b8680ac_235719/MR_LU_en_LU1981791327_RES_2022-01-31.pdf?apiKey=b9934aa2-1a83-4286-b11b-c8415da9e581","https://api.fundinfo.com/document/18400f082e08fcb64ef6860aab59afff_2970426/PR_LU_en_LU1981791327_YES_2021-12-31.pdf?apiKey=b9934aa2-1a83-4286-b11b-c8415da9e581"
"141419","LU2375672263","",""
"140870","DE0008475021","",""