"master id","isin name","factsheet link","prospectus link"
"138130","IE00B8J38129","https://api.fundinfo.com/document/7d3acc48902ac55960241d9c2cb60d2f_175884/MR_CH_en_IE00B8J38129_YES_2021-12-31.pdf?apiKey=b9934aa2-1a83-4286-b11b-c8415da9e581","https://api.fundinfo.com/document/78625a266fa8d2e7e0774835bb7a415e_2554708/PR_CH_it_IE00B8J38129_YES_2021-12-10.pdf?apiKey=b9934aa2-1a83-4286-b11b-c8415da9e581"
"138599","IE00BK017F69","https://api.fundinfo.com/document/f08b972f02bc9d5e911896d4bf654aa3_175898/MR_CH_en_IE00BK017F69_YES_2021-12-31.pdf?apiKey=b9934aa2-1a83-4286-b11b-c8415da9e581","https://api.fundinfo.com/document/4724367a08f2c3eb981bef71d8c92695_2848551/PR_LU_en_IE00BK017F69_YES_2022-01-18.pdf?apiKey=b9934aa2-1a83-4286-b11b-c8415da9e581"
"138600","IE00BK017D46","https://api.fundinfo.com/document/dd1f7d66a9404de938f4daf196d115aa_181159/MR_GB_en_IE00BK017D46_YES_2022-01-31.pdf?apiKey=b9934aa2-1a83-4286-b11b-c8415da9e581","https://api.fundinfo.com/document/4724367a08f2c3eb981bef71d8c92695_2848551/PR_LU_en_IE00BK017D46_YES_2022-01-18.pdf?apiKey=b9934aa2-1a83-4286-b11b-c8415da9e581"
"138601","IE00B8XCT900","https://api.fundinfo.com/document/7d3acc48902ac55960241d9c2cb60d2f_175884/MR_CH_en_IE00B8XCT900_YES_2021-12-31.pdf?apiKey=b9934aa2-1a83-4286-b11b-c8415da9e581","https://api.fundinfo.com/document/4724367a08f2c3eb981bef71d8c92695_2848551/PR_LU_en_IE00B8XCT900_YES_2022-01-18.pdf?apiKey=b9934aa2-1a83-4286-b11b-c8415da9e581"
"138602","IE00BMMVVZ61","https://api.fundinfo.com/document/7d3acc48902ac55960241d9c2cb60d2f_175884/MR_CH_en_IE00BMMVVZ61_YES_2021-12-31.pdf?apiKey=b9934aa2-1a83-4286-b11b-c8415da9e581","https://api.fundinfo.com/document/4724367a08f2c3eb981bef71d8c92695_2848551/PR_LU_en_IE00BMMVVZ61_YES_2022-01-18.pdf?apiKey=b9934aa2-1a83-4286-b11b-c8415da9e581"
"138603","IE00BMMVW089","https://api.fundinfo.com/document/7d3acc48902ac55960241d9c2cb60d2f_175884/MR_CH_en_IE00BMMVW089_YES_2021-12-31.pdf?apiKey=b9934aa2-1a83-4286-b11b-c8415da9e581","https://api.fundinfo.com/document/4724367a08f2c3eb981bef71d8c92695_2848551/PR_LU_en_IE00BMMVW089_YES_2022-01-18.pdf?apiKey=b9934aa2-1a83-4286-b11b-c8415da9e581"
