Security ID,Company ID,Company Name,Exchange ID,Symbol
138130,,Algebris UCITS Funds plc - Algebris Financial Credit Fund R EUR Acc,120,IE00B8J38129
138599,,Algebris Financial Credit Fund Hedged (ACC) USD,120,IE00BK017F69
138600,,Algebris Financial Credit Fund Hedged (DIST) USD,120,IE00BK017D46
138601,,Algebris Financial Credit Fund (DIST) EUR,120,IE00B8XCT900
138602,,Algebris Financial Credit Fund Hedged (ACC) GBP,120,IE00BMMVVZ61
138603,,Algebris Financial Credit Fund Hedged (DIST) GBP,120,IE00BMMVW089