Security ID,Company Name,Symbol,,,,,,,,
138010,Invesco Zodiac Funds - Invesco US Senior Loan HHX AUD Monthly Distribution,LU0704905362,https://www.fundinfo.com/en/LU-prof/LandingPage?query,3858,Factsheet,https://www.invesco.ch/en-ch/resources/literature-and-forms,Factsheet,,,
138127,Invesco Funds - Invesco Pan European High Income Fund A Accumulation EUR,LU0243957239,https://www.fundinfo.com/en/LU-prof/LandingPage?query,3858,Factsheet,https://www.invesco.ch/en-ch/resources/literature-and-forms,Factsheet,,,
138128,Invesco Funds - Invesco Global Consumer Trends Fund A Accumulation USD,LU0052864419,https://www.fundinfo.com/en/LU-prof/LandingPage?query,3858,Factsheet,https://www.invesco.ch/en-ch/resources/literature-and-forms,Factsheet,,,
138146,Invesco Zodiac Funds - Invesco US Senior Loan H $ Acc,LU0258954014,https://www.fundinfo.com/en/LU-prof/LandingPage?query,3858,Factsheet,https://www.invesco.ch/en-ch/resources/literature-and-forms,Factsheet,,,
138163,Invesco Funds - Invesco Global Targeted Returns Fund A Accumulation EUR,LU1004132566,https://www.fundinfo.com/en/LU-prof/LandingPage?query,3858,Factsheet,https://www.invesco.ch/en-ch/resources/literature-and-forms,Factsheet,,,
138169,Invesco Funds - Invesco Belt and Road Debt Fund A Acc,LU1889097876,https://www.fundinfo.com/en/LU-prof/LandingPage?query,3858,Factsheet,https://www.invesco.ch/en-ch/resources/literature-and-forms,Factsheet,,,
138524,Invesco Pan European High Income Fund (Dist) Hedged USD,LU1097692237,https://www.fundinfo.com/en/LU-prof/LandingPage?query,3858,Factsheet,https://www.invesco.ch/en-ch/resources/literature-and-forms,Factsheet,,,
138525,Invesco Pan European High Income Fund (Dist) EUR,LU1097692153,https://www.fundinfo.com/en/LU-prof/LandingPage?query,3858,Factsheet,https://www.invesco.ch/en-ch/resources/literature-and-forms,Factsheet,,,
138526,Invesco Pan European High Income Fund Hedged USD,LU1075211430,https://www.fundinfo.com/en/LU-prof/LandingPage?query,3858,Factsheet,https://www.invesco.ch/en-ch/resources/literature-and-forms,Factsheet,,,
138589,Invesco Belt and Road Debt Fund A DIST,LU1934327781,https://www.fundinfo.com/en/LU-prof/LandingPage?query,3858,Factsheet,https://www.invesco.ch/en-ch/resources/literature-and-forms,Factsheet,,,
138590,Invesco Belt and Road Debt Fund A ACC Hedged,LU1889097959,https://www.fundinfo.com/en/LU-prof/LandingPage?query,3858,Factsheet,https://www.invesco.ch/en-ch/resources/literature-and-forms,Factsheet,,,
138594,Invesco US Senior Loans Fund (DIST),LU0258954444,https://www.fundinfo.com/en/LU-prof/LandingPage?query,3858,Factsheet,https://www.invesco.ch/en-ch/resources/literature-and-forms,Factsheet,,,
138595,Invesco US Senior Loans Fund Hedged (DIST) EUR,LU1573120224,https://www.fundinfo.com/en/LU-prof/LandingPage?query,3858,Factsheet,https://www.invesco.ch/en-ch/resources/literature-and-forms,Factsheet,,,
138596,Invesco US Senior Loans Fund Hedged (ACC) EUR,LU0288029514,https://www.fundinfo.com/en/LU-prof/LandingPage?query,3858,Factsheet,https://www.invesco.ch/en-ch/resources/literature-and-forms,Factsheet,,,
138597,Invesco US Senior Loans Fund Hedged (ACC) GBP,LU0288029860,https://www.fundinfo.com/en/LU-prof/LandingPage?query,3858,Factsheet,https://www.invesco.ch/en-ch/resources/literature-and-forms,Factsheet,,,
138598,Invesco US Senior Loans Fund Hedged (DIST) GBP,LU1573120497,https://www.fundinfo.com/en/LU-prof/LandingPage?query,3858,Factsheet,https://www.invesco.ch/en-ch/resources/literature-and-forms,Factsheet,,,
138694,Invesco Global Consumer Trends Fund (ACC) Hedged EUR,LU1590492135,https://www.fundinfo.com/en/LU-prof/LandingPage?query,3858,Factsheet,https://www.invesco.ch/en-ch/resources/literature-and-forms,Factsheet,,,
140938,INVESCO PAN EUROPEAN EQUITY FUND A (EUR) ACC,LU0028118809,https://www.fundinfo.com/en/CH-prof/LandingPage?query,3858,Factsheet,https://www.invesco.ch/en-ch/resources/literature-and-forms,Factsheet,Manually upload,140938_20220216,ok
140939,INVESCO PAN EUROPEAN SMALL CAP EQUITY FUND A (EUR),LU0028119013,https://www.fundinfo.com/en/CH-prof/LandingPage?query,3858,Factsheet,https://www.invesco.ch/en-ch/resources/literature-and-forms,Factsheet,Manually upload,140939_20220216,ok
140958,INVESCO ASIA OPPORTUNITIES EQUITY FUND (USD),LU0075112721,https://www.fundinfo.com/en/CH-prof/LandingPage?query,3858,Factsheet,https://www.invesco.ch/en-ch/resources/literature-and-forms,Factsheet,Manually upload,140958_20220216,ok
140971,INVESCO ENV CLIMATE OPPORTUNITIES BOND FUND A ACC (USD),LU0113592215,https://www.fundinfo.com/en/CH-prof/LandingPage?query,3858,Factsheet,https://www.invesco.ch/en-ch/resources/literature-and-forms,Factsheet,Manually upload,140971_20220216,ok
141141,INVESCO JAPANESE EQUITY ADVANTAGE FUND CLASS A (JPY),LU0607514717,https://www.fundinfo.com/en/CH-prof/LandingPage?query,3858,Factsheet,https://www.invesco.ch/en-ch/resources/literature-and-forms,Factsheet,Manually upload,141141_20220216,ok
141340,INVESCO JAPANESE EQUITY FUND A (USD) REINVEST,LU1489827839,https://www.fundinfo.com/en/CH-prof/LandingPage?query,3858,Factsheet,https://www.invesco.ch/en-ch/resources/literature-and-forms,Factsheet,Manually upload,141340_20220216,ok
141420,Invesco Global Focus Equity Fund A Annual Dist (USD),LU2382294481,https://www.fundinfo.com/en/CH-prof/LandingPage?query,3858,Factsheet,https://www.invesco.ch/en-ch/resources/literature-and-forms,Factsheet,Manually upload,141420_20220216,ok
138010,Invesco Zodiac Funds - Invesco US Senior Loan HHX AUD Monthly Distribution,LU0704905362,https://www.fundinfo.com/en/LU-prof/LandingPage?query,3859,prospectus,,prospectus,,,
138127,Invesco Funds - Invesco Pan European High Income Fund A Accumulation EUR,LU0243957239,https://www.fundinfo.com/en/LU-prof/LandingPage?query,3859,prospectus,,prospectus,,,
138128,Invesco Funds - Invesco Global Consumer Trends Fund A Accumulation USD,LU0052864419,https://www.fundinfo.com/en/LU-prof/LandingPage?query,3859,prospectus,,prospectus,,,
138146,Invesco Zodiac Funds - Invesco US Senior Loan H $ Acc,LU0258954014,https://www.fundinfo.com/en/LU-prof/LandingPage?query,3859,prospectus,,prospectus,,,
138163,Invesco Funds - Invesco Global Targeted Returns Fund A Accumulation EUR,LU1004132566,https://www.fundinfo.com/en/LU-prof/LandingPage?query,3859,prospectus,,prospectus,,,
138169,Invesco Funds - Invesco Belt and Road Debt Fund A Acc,LU1889097876,https://www.fundinfo.com/en/LU-prof/LandingPage?query,3859,prospectus,,prospectus,,,
138524,Invesco Pan European High Income Fund (Dist) Hedged USD,LU1097692237,https://www.fundinfo.com/en/LU-prof/LandingPage?query,3859,prospectus,,prospectus,,,
138525,Invesco Pan European High Income Fund (Dist) EUR,LU1097692153,https://www.fundinfo.com/en/LU-prof/LandingPage?query,3859,prospectus,,prospectus,,,
138526,Invesco Pan European High Income Fund Hedged USD,LU1075211430,https://www.fundinfo.com/en/LU-prof/LandingPage?query,3859,prospectus,,prospectus,,,
138589,Invesco Belt and Road Debt Fund A DIST,LU1934327781,https://www.fundinfo.com/en/LU-prof/LandingPage?query,3859,prospectus,,prospectus,,,
138590,Invesco Belt and Road Debt Fund A ACC Hedged,LU1889097959,https://www.fundinfo.com/en/LU-prof/LandingPage?query,3859,prospectus,,prospectus,,,
138594,Invesco US Senior Loans Fund (DIST),LU0258954444,https://www.fundinfo.com/en/LU-prof/LandingPage?query,3859,prospectus,,prospectus,,,
138595,Invesco US Senior Loans Fund Hedged (DIST) EUR,LU1573120224,https://www.fundinfo.com/en/LU-prof/LandingPage?query,3859,prospectus,,prospectus,,,
138596,Invesco US Senior Loans Fund Hedged (ACC) EUR,LU0288029514,https://www.fundinfo.com/en/LU-prof/LandingPage?query,3859,prospectus,,prospectus,,,
138597,Invesco US Senior Loans Fund Hedged (ACC) GBP,LU0288029860,https://www.fundinfo.com/en/LU-prof/LandingPage?query,3859,prospectus,,prospectus,,,
138598,Invesco US Senior Loans Fund Hedged (DIST) GBP,LU1573120497,https://www.fundinfo.com/en/LU-prof/LandingPage?query,3859,prospectus,,prospectus,,,
138694,Invesco Global Consumer Trends Fund (ACC) Hedged EUR,LU1590492135,https://www.fundinfo.com/en/LU-prof/LandingPage?query,3859,prospectus,,prospectus,,,
140938,INVESCO PAN EUROPEAN EQUITY FUND A (EUR) ACC,LU0028118809,https://www.fundinfo.com/en/CH-prof/LandingPage?query,3859,prospectus,,prospectus,Manually upload,,
140939,INVESCO PAN EUROPEAN SMALL CAP EQUITY FUND A (EUR),LU0028119013,https://www.fundinfo.com/en/CH-prof/LandingPage?query,3859,prospectus,,prospectus,Manually upload,,
140958,INVESCO ASIA OPPORTUNITIES EQUITY FUND (USD),LU0075112721,https://www.fundinfo.com/en/CH-prof/LandingPage?query,3859,prospectus,,prospectus,Manually upload,,
140971,INVESCO ENV CLIMATE OPPORTUNITIES BOND FUND A ACC (USD),LU0113592215,https://www.fundinfo.com/en/CH-prof/LandingPage?query,3859,prospectus,,prospectus,Manually upload,,
141141,INVESCO JAPANESE EQUITY ADVANTAGE FUND CLASS A (JPY),LU0607514717,https://www.fundinfo.com/en/CH-prof/LandingPage?query,3859,prospectus,,prospectus,Manually upload,,
141340,INVESCO JAPANESE EQUITY FUND A (USD) REINVEST,LU1489827839,https://www.fundinfo.com/en/CH-prof/LandingPage?query,3859,prospectus,,prospectus,Manually upload,,
141420,Invesco Global Focus Equity Fund A Annual Dist (USD),LU2382294481,https://www.fundinfo.com/en/CH-prof/LandingPage?query,3859,prospectus,,prospectus,Manually upload,,