"master id","isin name","factsheet link","prospectus link"
"138127","LU0243957239","https://api.fundinfo.com/document/bec372cb8ccffa62cdd01f1fff60cf3a_2009773/MR_HK_en_LU0243957239_YES_2021-12-31.pdf?apiKey=b9934aa2-1a83-4286-b11b-c8415da9e581","https://api.fundinfo.com/document/af0943c364035fb5d06783dbfeb75fc7_4426337/PR_LU_en_LU0243957239_YES_2021-12-17.pdf?apiKey=b9934aa2-1a83-4286-b11b-c8415da9e581"
"138128","LU0052864419","https://api.fundinfo.com/document/a94df15854f9b09027ee4c755675287c_1716763/MR_HK_en_LU0052864419_YES_2021-12-31.pdf?apiKey=b9934aa2-1a83-4286-b11b-c8415da9e581","https://api.fundinfo.com/document/af0943c364035fb5d06783dbfeb75fc7_4426337/PR_LU_en_LU0052864419_YES_2021-12-17.pdf?apiKey=b9934aa2-1a83-4286-b11b-c8415da9e581"
"138163","LU1004132566","https://api.fundinfo.com/document/98b56f2ad83cc17ac8750a57691a7e23_1460970/MR_CH_en_LU1004132566_YES_2021-12-31.pdf?apiKey=b9934aa2-1a83-4286-b11b-c8415da9e581","https://api.fundinfo.com/document/af0943c364035fb5d06783dbfeb75fc7_4426337/PR_LU_en_LU1004132566_YES_2021-12-17.pdf?apiKey=b9934aa2-1a83-4286-b11b-c8415da9e581"
"138169","LU1889097876","https://api.fundinfo.com/document/4a2712519e55e81f771e295a8234362e_1606835/MR_CH_en_LU1889097876_YES_2021-12-31.pdf?apiKey=b9934aa2-1a83-4286-b11b-c8415da9e581","https://api.fundinfo.com/document/af0943c364035fb5d06783dbfeb75fc7_4426337/PR_LU_en_LU1889097876_YES_2021-12-17.pdf?apiKey=b9934aa2-1a83-4286-b11b-c8415da9e581"
"138524","LU1097692237","https://api.fundinfo.com/document/bec372cb8ccffa62cdd01f1fff60cf3a_2009773/MR_HK_en_LU1097692237_YES_2021-12-31.pdf?apiKey=b9934aa2-1a83-4286-b11b-c8415da9e581","https://api.fundinfo.com/document/af0943c364035fb5d06783dbfeb75fc7_4426337/PR_LU_en_LU1097692237_YES_2021-12-17.pdf?apiKey=b9934aa2-1a83-4286-b11b-c8415da9e581"
"138526","LU1075211430","https://api.fundinfo.com/document/bec372cb8ccffa62cdd01f1fff60cf3a_2009773/MR_HK_en_LU1075211430_YES_2021-12-31.pdf?apiKey=b9934aa2-1a83-4286-b11b-c8415da9e581","https://api.fundinfo.com/document/af0943c364035fb5d06783dbfeb75fc7_4426337/PR_LU_en_LU1075211430_YES_2021-12-17.pdf?apiKey=b9934aa2-1a83-4286-b11b-c8415da9e581"
"138525","LU1097692153","https://api.fundinfo.com/document/bec372cb8ccffa62cdd01f1fff60cf3a_2009773/MR_HK_en_LU1097692153_YES_2021-12-31.pdf?apiKey=b9934aa2-1a83-4286-b11b-c8415da9e581","https://api.fundinfo.com/document/af0943c364035fb5d06783dbfeb75fc7_4426337/PR_LU_en_LU1097692153_YES_2021-12-17.pdf?apiKey=b9934aa2-1a83-4286-b11b-c8415da9e581"
"138589","LU1934327781","https://api.fundinfo.com/document/592cee30249545aac2f5ed3d0b4b7cb5_1617042/MR_CH_en_LU1934327781_YES_2021-12-31.pdf?apiKey=b9934aa2-1a83-4286-b11b-c8415da9e581","https://api.fundinfo.com/document/af0943c364035fb5d06783dbfeb75fc7_4426337/PR_LU_en_LU1934327781_YES_2021-12-17.pdf?apiKey=b9934aa2-1a83-4286-b11b-c8415da9e581"
"138590","LU1889097959","https://api.fundinfo.com/document/ca8e05ea637edf9c0cb9be9d9e7b0f4a_1573231/MR_CH_en_LU1889097959_YES_2021-12-31.pdf?apiKey=b9934aa2-1a83-4286-b11b-c8415da9e581","https://api.fundinfo.com/document/af0943c364035fb5d06783dbfeb75fc7_4426337/PR_LU_en_LU1889097959_YES_2021-12-17.pdf?apiKey=b9934aa2-1a83-4286-b11b-c8415da9e581"
"138694","LU1590492135","https://api.fundinfo.com/document/1df379e76270b50db3909412049b95ad_1206751/MR_CH_en_LU1590492135_YES_2021-12-31.pdf?apiKey=b9934aa2-1a83-4286-b11b-c8415da9e581","https://api.fundinfo.com/document/af0943c364035fb5d06783dbfeb75fc7_4426337/PR_LU_en_LU1590492135_YES_2021-12-17.pdf?apiKey=b9934aa2-1a83-4286-b11b-c8415da9e581"
"140938","LU0028118809","https://api.fundinfo.com/document/9e79e26c3c7a7d841ff8163de2f7a8b6_1829382/MR_HK_en_LU0028118809_YES_2021-12-31.pdf?apiKey=b9934aa2-1a83-4286-b11b-c8415da9e581","https://api.fundinfo.com/document/af0943c364035fb5d06783dbfeb75fc7_4426337/PR_LU_en_LU0028118809_YES_2021-12-17.pdf?apiKey=b9934aa2-1a83-4286-b11b-c8415da9e581"
"140939","LU0028119013","https://api.fundinfo.com/document/351cd0ca9a43613ad31a8d4410086486_1750728/MR_HK_en_LU0028119013_YES_2021-12-31.pdf?apiKey=b9934aa2-1a83-4286-b11b-c8415da9e581","https://api.fundinfo.com/document/af0943c364035fb5d06783dbfeb75fc7_4426337/PR_LU_en_LU0028119013_YES_2021-12-17.pdf?apiKey=b9934aa2-1a83-4286-b11b-c8415da9e581"
"140958","LU0075112721","https://api.fundinfo.com/document/6f121a41b80196e66e6d8c6c807f0236_1824487/MR_HK_en_LU0075112721_YES_2021-12-31.pdf?apiKey=b9934aa2-1a83-4286-b11b-c8415da9e581","https://api.fundinfo.com/document/af0943c364035fb5d06783dbfeb75fc7_4426337/PR_LU_en_LU0075112721_YES_2021-12-17.pdf?apiKey=b9934aa2-1a83-4286-b11b-c8415da9e581"
"140971","LU0113592215","https://api.fundinfo.com/document/a652fa6b56047a7f02910ec53023351f_1753261/MR_CH_en_LU0113592215_YES_2021-12-31.pdf?apiKey=b9934aa2-1a83-4286-b11b-c8415da9e581","https://api.fundinfo.com/document/af0943c364035fb5d06783dbfeb75fc7_4426337/PR_LU_en_LU0113592215_YES_2021-12-17.pdf?apiKey=b9934aa2-1a83-4286-b11b-c8415da9e581"
"141141","LU0607514717","https://api.fundinfo.com/document/58fe0eb1bdf3664dfa455bbf8df80df9_1735024/MR_HK_en_LU0607514717_YES_2021-12-31.pdf?apiKey=b9934aa2-1a83-4286-b11b-c8415da9e581","https://api.fundinfo.com/document/707371a393600f345f6b10ecfa764d2c_3483873/PR_HK_en_LU0607514717_YES_2021-12-17.pdf?apiKey=b9934aa2-1a83-4286-b11b-c8415da9e581"
"141340","LU1489827839","https://api.fundinfo.com/document/43425bad716e8436e470c5daae1fb4e6_1683240/MR_HK_en_LU1489827839_YES_2021-12-31.pdf?apiKey=b9934aa2-1a83-4286-b11b-c8415da9e581","https://api.fundinfo.com/document/af0943c364035fb5d06783dbfeb75fc7_4426337/PR_LU_en_LU1489827839_YES_2021-12-17.pdf?apiKey=b9934aa2-1a83-4286-b11b-c8415da9e581"
"141420","LU2382294481","https://api.fundinfo.com/document/078e484b977c7efff5c4f435dbe863ad_890190/MR_CH_en_LU2382294481_YES_2021-12-31.pdf?apiKey=b9934aa2-1a83-4286-b11b-c8415da9e581","https://api.fundinfo.com/document/af0943c364035fb5d06783dbfeb75fc7_4426337/PR_LU_en_LU2382294481_YES_2021-12-17.pdf?apiKey=b9934aa2-1a83-4286-b11b-c8415da9e581"
"138010","LU0704905362","https://api.fundinfo.com/document/71a6f55f3d2e90388722dd82c1f2c5e5_157642/MR_LU_en_LU0704905362_RES_2021-12-31.pdf?apiKey=b9934aa2-1a83-4286-b11b-c8415da9e581","https://api.fundinfo.com/document/4745b9f414ed46a59ffd249634cb30ef_1758134/PR_LU_en_LU0704905362_YES_2021-12-08.pdf?apiKey=b9934aa2-1a83-4286-b11b-c8415da9e581"
"138146","LU0258954014","https://api.fundinfo.com/document/71a6f55f3d2e90388722dd82c1f2c5e5_157642/MR_LU_en_LU0258954014_RES_2021-12-31.pdf?apiKey=b9934aa2-1a83-4286-b11b-c8415da9e581","https://api.fundinfo.com/document/4745b9f414ed46a59ffd249634cb30ef_1758134/PR_LU_en_LU0258954014_YES_2021-12-08.pdf?apiKey=b9934aa2-1a83-4286-b11b-c8415da9e581"
"138594","LU0258954444","https://api.fundinfo.com/document/71a6f55f3d2e90388722dd82c1f2c5e5_157642/MR_LU_en_LU0258954444_RES_2021-12-31.pdf?apiKey=b9934aa2-1a83-4286-b11b-c8415da9e581","https://api.fundinfo.com/document/4745b9f414ed46a59ffd249634cb30ef_1758134/PR_LU_en_LU0258954444_YES_2021-12-08.pdf?apiKey=b9934aa2-1a83-4286-b11b-c8415da9e581"
"138595","LU1573120224","https://api.fundinfo.com/document/71a6f55f3d2e90388722dd82c1f2c5e5_157642/MR_LU_en_LU1573120224_RES_2021-12-31.pdf?apiKey=b9934aa2-1a83-4286-b11b-c8415da9e581","https://api.fundinfo.com/document/4745b9f414ed46a59ffd249634cb30ef_1758134/PR_LU_en_LU1573120224_YES_2021-12-08.pdf?apiKey=b9934aa2-1a83-4286-b11b-c8415da9e581"
"138596","LU0288029514","https://api.fundinfo.com/document/71a6f55f3d2e90388722dd82c1f2c5e5_157642/MR_LU_en_LU0288029514_RES_2021-12-31.pdf?apiKey=b9934aa2-1a83-4286-b11b-c8415da9e581","https://api.fundinfo.com/document/4745b9f414ed46a59ffd249634cb30ef_1758134/PR_LU_en_LU0288029514_YES_2021-12-08.pdf?apiKey=b9934aa2-1a83-4286-b11b-c8415da9e581"
"138597","LU0288029860","https://api.fundinfo.com/document/71a6f55f3d2e90388722dd82c1f2c5e5_157642/MR_LU_en_LU0288029860_RES_2021-12-31.pdf?apiKey=b9934aa2-1a83-4286-b11b-c8415da9e581","https://api.fundinfo.com/document/4745b9f414ed46a59ffd249634cb30ef_1758134/PR_LU_en_LU0288029860_YES_2021-12-08.pdf?apiKey=b9934aa2-1a83-4286-b11b-c8415da9e581"
"138598","LU1573120497","https://api.fundinfo.com/document/71a6f55f3d2e90388722dd82c1f2c5e5_157642/MR_LU_en_LU1573120497_RES_2021-12-31.pdf?apiKey=b9934aa2-1a83-4286-b11b-c8415da9e581","https://api.fundinfo.com/document/4745b9f414ed46a59ffd249634cb30ef_1758134/PR_LU_en_LU1573120497_YES_2021-12-08.pdf?apiKey=b9934aa2-1a83-4286-b11b-c8415da9e581"
