Security ID ,Company Name                                             ,Symbol       ,                               ,
138005      ,Fullerton SGD Heritage Balanced Class A SGD Acc          ,SGXZ83598466 ,https://www.fullertonfund.com/ ,https://www.fullertonfund.com/
138006      ,Fullerton SGD Heritage Growth Class A SGD Acc            ,SGXZ46560496 ,https://www.fullertonfund.com/ ,https://www.fullertonfund.com/
138007      ,Fullerton SGD Heritage Income Class A SGD Acc            ,SGXZ28681005 ,https://www.fullertonfund.com/ ,https://www.fullertonfund.com/
138008      ,Fullerton SGD Income Fund - Class B                      ,SG9999008932 ,https://www.fullertonfund.com/ ,https://www.fullertonfund.com/
138009      ,Fullerton Short Term Interest Rate Retail - Accumulating ,SG9999006225 ,https://www.fullertonfund.com/ ,https://www.fullertonfund.com/