"isin name","master_id","factsheet_link","prospectus_link"
"SGXZ83598466","138005","https://www.fullertonfund.com/documents/factsheets/Fullerton_SGD_Heritage_Balanced_En.pdf","https://www.fullertonfund.com/documents/prospectus/04_FF_Prospectus_-_UP+1SP(11Aug2021).pdf"
"SGXZ46560496","138006","https://www.fullertonfund.com/documents/factsheets/Fullerton_SGD_Heritage_Growth_En.pdf","https://www.fullertonfund.com/documents/prospectus/04_FF_Prospectus_-_UP+1SP(11Aug2021).pdf"
"SGXZ28681005","138007","https://www.fullertonfund.com/documents/factsheets/Fullerton_SGD_Heritage_Income_En.pdf","https://www.fullertonfund.com/documents/prospectus/04_FF_Prospectus_-_UP+1SP(11Aug2021).pdf"
"SG9999008932","138008","https://www.fullertonfund.com/documents/factsheets/Fullerton_SGD_Income_Fund_Class_B.PDF","https://www.fullertonfund.com/documents/prospectus/04_FF_Prospectus_-_UP+1SP(11Aug2021).pdf"
"SG9999006225","138009","https://www.fullertonfund.com/documents/factsheets/Fullerton_Short_Term_Interest_Rate_Class_C.PDF","https://www.fullertonfund.com/documents/prospectus/04_FF_Prospectus_-_UP+1SP(11Aug2021).pdf"
