"master id","isin name","factsheet link","prospectus link"
"138135","LU0174119429","https://api.fundinfo.com/document/5302bf8c58450bb7b4c1e3747fb69530_178610/MR_LU_en_LU0174119429_YES_2021-12-31.pdf?apiKey=b9934aa2-1a83-4286-b11b-c8415da9e581","https://api.fundinfo.com/document/c97cce014814a51d8623c603cb9d9904_1060186/PR_LU_en_LU0174119429_YES_2022-01-01.pdf?apiKey=b9934aa2-1a83-4286-b11b-c8415da9e581"
"138137","LU0143551892","https://api.fundinfo.com/document/9100e37d7b0b19870c1c5241883d89f8_150509/MR_LU_en_LU0143551892_YES_2021-12-31.pdf?apiKey=b9934aa2-1a83-4286-b11b-c8415da9e581","https://api.fundinfo.com/document/c97cce014814a51d8623c603cb9d9904_1060186/PR_LU_en_LU0143551892_YES_2022-01-01.pdf?apiKey=b9934aa2-1a83-4286-b11b-c8415da9e581"
"138142","LU0859254822","https://api.fundinfo.com/document/6da56e72a1f0e7827f05d1fb098f4936_171286/MR_LU_en_LU0859254822_YES_2021-12-31.pdf?apiKey=b9934aa2-1a83-4286-b11b-c8415da9e581","https://api.fundinfo.com/document/c97cce014814a51d8623c603cb9d9904_1060186/PR_LU_en_LU0859254822_YES_2022-01-01.pdf?apiKey=b9934aa2-1a83-4286-b11b-c8415da9e581"
"138647","LU1493953001","https://api.fundinfo.com/document/cd3e1d9b54018ce235b13b35ee226d27_173226/MR_LU_en_LU1493953001_YES_2021-12-31.pdf?apiKey=b9934aa2-1a83-4286-b11b-c8415da9e581","https://api.fundinfo.com/document/c97cce014814a51d8623c603cb9d9904_1060186/PR_LU_en_LU1493953001_YES_2022-01-01.pdf?apiKey=b9934aa2-1a83-4286-b11b-c8415da9e581"
