Security ID,Company Name,Symbol,Domin,Indicator,,,count 22
140887,PIMCO EMERGING MARKET BOND FUND E ACC (USD),IE00B11XYX59,https://www.pimco.com.sg/en-sg/,3858,Factsheet,,
140887,PIMCO EMERGING MARKET BOND FUND E ACC (USD),IE00B11XYX59,https://www.pimco.com.sg/en-sg/,3859,Prospectus,,
140901,PIMCO GIS CAPITAL SECURITIES FUND E ACC (EUR-H),IE00BFRSV973,https://www.pimco.lu/en-lu/,3858,Factsheet,,
140901,PIMCO GIS CAPITAL SECURITIES FUND E ACC (EUR-H),IE00BFRSV973,https://www.pimco.lu/en-lu/,3859,Prospectus,,
138094,PIMCO GIS Capital Securities Fund E Class USD Accumulation,IE00BFRSV866,https://www.pimco.com.sg/en-sg/,3858,Factsheet,,
138094,PIMCO GIS Capital Securities Fund E Class USD Accumulation,IE00BFRSV866,https://www.pimco.com.sg/en-sg/,3859,Prospectus,,
140920,PIMCO GIS CAPITAL SECURITIES FUND E INCOME (EUR-H) - CASH,IE00BZBWL408,https://europe.pimco.com/en-eu/investments,3858,Factsheet,,
140920,PIMCO GIS CAPITAL SECURITIES FUND E INCOME (EUR-H) - CASH,IE00BZBWL408,https://europe.pimco.com/en-eu/investments,3859,Prospectus,,
140903,PIMCO GIS CAPITAL SECURITIES FUND M RETAIL (SGD-H) - CASH,IE00BH3X8559,https://europe.pimco.com/en-eu/investments,3858,Factsheet,,
140903,PIMCO GIS CAPITAL SECURITIES FUND M RETAIL (SGD-H) - CASH,IE00BH3X8559,https://europe.pimco.com/en-eu/investments,3859,Prospectus,,
140902,PIMCO GIS CAPITAL SECURITIES FUND M RETAIL (USD) - CASH,IE00BH3X8443,https://www.pimco.lu/en-lu/,3858,Factsheet,,
140902,PIMCO GIS CAPITAL SECURITIES FUND M RETAIL (USD) - CASH,IE00BH3X8443,https://www.pimco.lu/en-lu/,3859,Prospectus,,
138175,PIMCO GIS Global Real Return Fund E Class EUR (Hedged) Accumulation,IE00B11XZ541,https://www.pimco.com.sg/en-sg/,3858,Factsheet,,
138175,PIMCO GIS Global Real Return Fund E Class EUR (Hedged) Accumulation,IE00B11XZ541,https://www.pimco.com.sg/en-sg/,3859,Prospectus,,
138550,PIMCO GIS Inc fund (Dist),IE00B8K7V925,https://www.pimco.com.sg/en-sg/,3858,Factsheet,,
138551,PIMCO GIS Inc fund (Dist),IE00B8N0MW85,https://www.pimco.com.sg/en-sg/,3858,Factsheet,,
138552,PIMCO GIS Inc fund (Dist),IE00BF01VX72,https://www.pimco.com.sg/en-sg/,3858,Factsheet,,
138550,PIMCO GIS Inc fund (Dist),IE00B8K7V925,https://www.pimco.com.sg/en-sg/,3859,Prospectus,,
138551,PIMCO GIS Inc fund (Dist),IE00B8N0MW85,https://www.pimco.com.sg/en-sg/,3859,Prospectus,,
138552,PIMCO GIS Inc fund (Dist),IE00BF01VX72,https://www.pimco.com.sg/en-sg/,3859,Prospectus,,
138023,PIMCO GIS Income Fund E Class USD Accumulation,IE00B7KFL990,https://www.pimco.com.sg/en-sg/,3858,Factsheet,,
138023,PIMCO GIS Income Fund E Class USD Accumulation,IE00B7KFL990,https://www.pimco.com.sg/en-sg/,3859,Prospectus,,
138178,PIMCO GIS Total Return Bond Fund Administrative USD Accumulation,IE0032303764,https://www.pimco.com.sg/en-sg/,3858,Factsheet,,
138178,PIMCO GIS Total Return Bond Fund Administrative USD Accumulation,IE0032303764,https://www.pimco.com.sg/en-sg/,3859,Prospectus,,
138095,PIMCO GIS Total Return Bond Fund E Class USD Income,IE00B0M2Y900,https://www.pimco.com.sg/en-sg/,3858,Factsheet,,
138095,PIMCO GIS Total Return Bond Fund E Class USD Income,IE00B0M2Y900,https://www.pimco.com.sg/en-sg/,3859,Prospectus,,
138096,PIMCO GIS US High Yield Bond Fund E Class USD Accumulation,IE00B11XZ871,https://www.pimco.com.sg/en-sg/,3858,Factsheet,,
138096,PIMCO GIS US High Yield Bond Fund E Class USD Accumulation,IE00B11XZ871,https://www.pimco.com.sg/en-sg/,3859,Prospectus,,
140890,PIMCO Income Fund E Acc (EUR-H),IE00B84J9L26,https://www.pimco.com.sg/en-sg/,3858,Factsheet,,
140890,PIMCO Income Fund E Acc (EUR-H),IE00B84J9L26,https://www.pimco.com.sg/en-sg/,3859,Prospectus,,
140896,PIMCO INCOME FUND E INC (AUD-H) CASH,IE00BD8DFW88,https://www.pimco.com.sg/en-sg/,3858,Factsheet,,
140896,PIMCO INCOME FUND E INC (AUD-H) CASH,IE00BD8DFW88,https://www.pimco.com.sg/en-sg/,3859,Prospectus,,
140904,PIMCO Income Fund E Inc (CHF-H) Cash,IE00BJMZC096,https://www.pimco.com.hk/en-hk,3858,Factsheet,,
140904,PIMCO Income Fund E Inc (CHF-H) Cash,IE00BJMZC096,https://www.pimco.com.hk/en-hk,3859,Prospectus,,
140892,PIMCO INCOME FUND E INC (CNH-H) CASH DIV,IE00B8W6D244,https://www.pimco.com.sg/en-sg/,3858,Factsheet,,
140892,PIMCO INCOME FUND E INC (CNH-H) CASH DIV,IE00B8W6D244,https://www.pimco.com.sg/en-sg/,3859,Prospectus,,
140893,PIMCO INCOME FUND E INC (HKD) CASH DIV,IE00B92ZW543,https://www.pimco.com.sg/en-sg/,3858,Factsheet,,
140893,PIMCO INCOME FUND E INC (HKD) CASH DIV,IE00B92ZW543,https://www.pimco.com.sg/en-sg/,3859,Prospectus,,
140895,PIMCO INCOME FUND E INC (SGD-H) CASH DIV,IE00B9HH6X13,https://www.pimco.com.sg/en-sg/,3858,Factsheet,,
140895,PIMCO INCOME FUND E INC (SGD-H) CASH DIV,IE00B9HH6X13,https://www.pimco.com.sg/en-sg/,3859,Prospectus,,
140889,PIMCO TOTAL RETURN BOND FUND E ACC (SGD-HEDGED),IE00B1LHWR71,https://www.pimco.com.sg/en-sg/,3858,Factsheet,,
140889,PIMCO TOTAL RETURN BOND FUND E ACC (SGD-HEDGED),IE00B1LHWR71,https://www.pimco.com.sg/en-sg/,3859,Prospectus,,
140888,PIMCO TOTAL RETURN BOND FUND E ACC (USD),IE00B11XZ988,https://www.pimco.com.sg/en-sg/,3858,Factsheet,,
140888,PIMCO TOTAL RETURN BOND FUND E ACC (USD),IE00B11XZ988,https://www.pimco.com.sg/en-sg/,3859,Prospectus,,
