"master_id","isin name","prospectus_link","factsheet_link"
"138023","IE00B7KFL990","https://www.pimco.com.sg/handlers/displaydocument.ashx?c=G7112M468&wd=Prospectus&fn=pimco_gis_prospectus_en-sg.pdf&id=2kf1muAsfjcOb6VlJB74xF6Z%2bqvN54SG9IgtSVMKehuxHLxYA2uyOjHi6L2qGW9WgSa9jbewopNsXr9e7YD7hx3wBqsl7qamS8RIhsPXXKFyT3JVWpCOQkGmUODLj5y0cEed%2baNljZwiTAPhSQDDogqcWxFUEqYr8%2bEyHZCNvfff1O2VHnc%2fJl5s26prLQBj1R%2fcHKJ2vpk%2b%2fc%2b8gr2eBVFhmHWJL96yUXdSQ9eRpm11%2ffJfUbeHEpXctcjQ0VzWAttpE79wnV7ujh85gZVDYXPV3Fm9zXG46DTmqIkf7jEOD7JWlrw8V3PNYmMrFk%2bYYxCbaR%2bDCjrtOf54kyKTmwCBl0fVTwqX5FAuuGAKmNWzT%2f%2fm9kTQx8GDbW%2b91eWeCpW7LlwtNlx%2feSpX7b8%2b3MOfWSRHRmnGM26hlVVMg2HAvNnU17ojXvV%2bMwI6Onab","https://www.pimco.com.sg/handlers/displaydocument.ashx?c=G7112M468&wd=Fund%20Fact%20Sheet&fn=Income%20Fund%20IE00B7KFL990-IE00B8K7V925-SG.pdf&id=zjI8%2fw4x6cRyRktOp%2byhRIKP7KMl8uoHutfkdkHZsOGYnYt3yccHVG79N1aNvy0RoGO3VllQdh2hJOAKMWb8%2bZi2ADaFh1P7GQOyPYIqyA6nFtVUjCt46yLRzmak9%2bj1PUo4ohtJDPGzhPrG8SrGTdPhxQs%2f4Crb2sDn49Xwls63PLpNeVYLjT75QNRbKvwn8t3pi%2bx7cNysXjZx0wR4wQfq93%2f1lCSfQakx9%2b7nfjUgKM4ViG6czFjUvosDyRhf901y5v3dWfOkNCmYlFhhf2Z6a8Ek97B5Ma1STJnQ8wJrVffpDxB7oKgAal%2bJeGkvj25LgOPAXNN4oPDhT1xrpEOip%2btX1CbPD2rRIT8s5MQmXnZ24WRjq2ONPO0S0mU6TfXJFBYAnRv1b6xGqH0ijSuDn6%2fuvQHZCXYRwzD99B2Rh8d39eZBDI5z9j9Zv45FRNPWgv2J7QNn3r0IbsSZMQ1wEsdTt5i%2bYH5Bj0LnzLA%3d"
"138094","IE00BFRSV866","https://api.fundinfo.com/document/3962bb0689d9204ea0afa10ee8479b48_5470915/PR_LU_en_IE00BFRSV866_YES_2021-12-31.pdf?apiKey=23b50ba8-4027-575e-4e64-ff7901687e74","https://api.fundinfo.com/document/80159c06f30c83a5b73d074ead2a1177_184414/MR_LU_en_IE00BFRSV866_YES_2022-01-31.pdf?apiKey=23b50ba8-4027-575e-4e64-ff7901687e74"
"138095","IE00B0M2Y900","https://www.pimco.com.sg/handlers/displaydocument.ashx?c=G7096X746&wd=Prospectus&fn=pimco_gis_prospectus_en-sg.pdf&id=2kf1muAsfjcOb6VlJB74xF6Z%2bqvN54SG9IgtSVMKehuxHLxYA2uyOjHi6L2qGW9WgSa9jbewopNsXr9e7YD7hx3wBqsl7qamS8RIhsPXXKFyT3JVWpCOQkGmUODLj5y0cEed%2baNljZwiTAPhSQDDogqcWxFUEqYr8%2bEyHZCNvfdjdEbk1OXHJlE9pGc3t9vyMuGVlFJjD0lzk1WxyDWtEnYcuozupTSJ40TYjO1lP89l9Av%2fVOayvS8WH45%2bOHc3mkLK6w8BKiwTO9CSg42jesQ9i8%2fIDOqSQhNC0LhWYLSdiRpFKh3j6iTaM0cYmepwPZpN%2bu5QXyyDdl33sxLxNGKh8PSU4HRUaVkkA2UNGyhqXbuxiQ7%2bBYXO6I6UC%2bbYOpK4kfVxJwXGwa3fqmIOQyR1imbF31ZAAdN90bOoew3%2fOZ%2bGUkyGCGcoOYpLLHOdaTV0gf%2fiIcSW3qKPYZ9tuQ%3d%3d","https://www.pimco.com.sg/handlers/displaydocument.ashx?c=G7096X746&wd=Fund%20Fact%20Sheet&fn=Total%20Return%20Bond%20Fund%20IE00B11XZ988-IE00B0M2Y900-SG.pdf&id=TmrcMvy%2bqH%2fVHiAcyzR%2fD%2b1rlbIoclwPVaA95LCHp4i5eLTOt1qGsByjpGgB20D2vy8WQRNpFLOr1oWffYunJrzfgNvvOppNfsrND5i%2bzKm%2buNTgz0a7FHpeehkSvUSdgy55l0MQFXWNmwJKNap1SltfnTr2Sr4EHOiF%2fO11j%2ferhkZGz6N%2fzZSOXPPuk9V3Nm9B71UkTgxhXVmHMTNXwhE94p%2fVCAzONwnoJLNSX3SigMWcXz%2bpbrGodmnd5rN2hUcr2oLvnFfOe0UZ3SWNZr1kKSjqvBoy3%2f4ejp1gYA9oI4eLwefeOxUamvF5TJcLK83X%2f3bQpqpzYHO2mXMa5NGF0yBujEAthP03IkyVvW%2fQ8%2faNzs8AC%2fa1g%2ffHEjbBamhxMVx3wR5VDLF7Bh%2fUQRNPFe6VzDE2JmQ%2bSW%2bijFVaU4z02TymdXpftsAK0%2b1pWblCSRn7ZYnsdLlEGVPP%2bFPdZbus%2fNsUP34cil0mndENqRKUP10wa%2bqNTR%2f82lPX"
"138096","IE00B11XZ871","https://www.pimco.com.sg/handlers/displaydocument.ashx?c=G70974624&wd=Prospectus&fn=pimco_gis_prospectus_en-sg.pdf&id=2kf1muAsfjcOb6VlJB74xF6Z%2bqvN54SG9IgtSVMKehuxHLxYA2uyOjHi6L2qGW9WgSa9jbewopNsXr9e7YD7hx3wBqsl7qamS8RIhsPXXKFyT3JVWpCOQkGmUODLj5y0cEed%2baNljZwiTAPhSQDDogqcWxFUEqYr8%2bEyHZCNvfeCJs7HipU05deYlmhEUMaqeqyu05zhvUlatKlffGEpZbpm3clvieOo90KUXlJep5gc%2fEOcnFuavIxMDI5C6dnBVzOmbOSWS25wqwJfpIJL0Kl2oyg2oVz8q1vE6l%2b%2frBv%2fyji7cU%2bTH7X6zntePz%2bp6mLQ%2bQF6pgmA9l8RogvpXr%2b79YXq0nqDvk%2fiIx8FKWqkpCVXK1Ht%2bLUQHC2Y2KmwCsSlB5PnsJ11FECkEWa0QqjvkC7axeI5VbXJoW3Wi03u7EyV%2fFgNh9DQVAQ0dsCKf%2b9F55jADSGsRJ9I8Xrt9A%3d%3d","https://www.pimco.com.sg/handlers/displaydocument.ashx?c=G70974624&wd=Fund%20Fact%20Sheet&fn=US%20High%20Yield%20Bond%20Fund%20IE00B11XZ871-IE00B193MN38-SG.pdf&id=4PBmz%2b6ZthyRPPlylIAiEqbrA2Wh2IsfBTVv2O7LV2gQoNR9nVc4ostl2jyEjHnvvIFSCkXK15J15YnR3jetqWLtpaBRio8zQCHUwZesMTp2RGLZdnjrcTX89MvfnKLJf4B6D7WHAi9jvR3XjnvTJFFkKk9%2bE6X5M6K2hlqJbLyuLgiIpmQNBvfTDlZV6sAxfr%2b5TRqQ6S2fMTM0%2f9B5fYyFSpEDTPzC%2bXINJcO1VnPdr%2b5PoT4BqUoKzxV%2fkqgrqQW%2f2lIlDtv3DCQ6yDY78yyqLzGC%2bS3pL5KoerLy5%2bSmivFEfI%2bcdRyeL045Rl0Timn0rYwSWI3X9CWPR5bAEUI7PIt3pZ2QQlYg364gwHchoyDT5aIsMTOo2xMPA869DglFVf%2bNUDYTXBonemk906cIah6Yrk9VP1PNhoebB9x4SJfmLH8nmyhD5r1UIIOsysuN4rs8uBZlEtPFYtUxJeFaObgPiSKQ0P7UtlS75Eni9G%2fIv%2f4pw1%2bI1HbwbcUI"
"138175","IE00B11XZ541","https://www.pimco.com.sg/handlers/displaydocument.ashx?c=G70974525&wd=Prospectus&fn=pimco_gis_prospectus_en-sg.pdf&id=2kf1muAsfjcOb6VlJB74xF6Z%2bqvN54SG9IgtSVMKehuxHLxYA2uyOjHi6L2qGW9WgSa9jbewopNsXr9e7YD7hx3wBqsl7qamS8RIhsPXXKFyT3JVWpCOQkGmUODLj5y0cEed%2baNljZwiTAPhSQDDogqcWxFUEqYr8%2bEyHZCNvff0hmZaCKoPAoVGFP%2ba6ejBbca%2b5dBK9%2bAZviIqRq2T8NUmTPwqn8pL4fAa7q3YlRhNiWLrK6%2bq7cIxT6g2YD4zdk1OYkF37FQU3UpZGZ%2bQYC1xhzcOS1YQddnt7uyAytZ0wZ9jr%2fJrjnPOcxZNMhNZ1Yx9haZ%2fKaIXhaB1sj%2b5Y1PShFLQE04erUIffOCvR3eKMHk7erfOrAKtlY7x5JLgLdD0PEBLCDYRPid%2bEXXvg%2fAgxihQyx1oswN0MiNgGu%2fd5EvKbJfuzyI1D3bG70UOSo2WQuW1wUQUAyK3Jt2eow%3d%3d","https://www.pimco.com.sg/handlers/displaydocument.ashx?c=G70974525&wd=Fund%20Fact%20Sheet&fn=Global%20Real%20Return%20Fund%20IE00B11XZ541-SG.pdf&id=fETpGBc2QlyuSPep9Vij%2fWDkzXuMi952qVyVRw21ymUIPl7Ss55tLf4LrrIYvbNBt5KUYtugA%2fKVebxyjE4sJ%2bcGhuO5Uihl2HRXXBwD7SlAQdGitJBh8AWRXNsHjOTMO8%2fZsZiJ86%2bYSG20mZFajHUz%2b5cDEKPs6fmBeK2IBUy5sx7ZLHxhjHSCj%2bVSUwD2EfmvAYpevuH%2bfb6SND3g4y3awcslnt7riDfvnTyCpKwVybcTp6ktxlcgVzoxYWkqUJgPYjQRZ0kgJAph2p0QhB0%2bsrJpfOS4%2fosEp0JHmfIG2CTHTyFaSTOc9nIWMt7gJEEyJVluDl8EwGt4U80wXzJEmihYfzsFPMJO8V8FRCJAq9wt7tksMvCU1Rnhk2fgY97W8yu50qDE0rxXgCDiATzCdGDz7zxL7NVqvSul%2fKYsoowhaOjtS41L1RQwKrOdsY3%2bNC3ZUpcon1VUYUtfp2DTj8gCUOyhsMbgyelxJ4c98Z1crsvLnLSM2vfIbxeO"
"138178","IE0032303764","https://www.pimco.com.sg/handlers/displaydocument.ashx?c=G7096Y454&wd=Prospectus&fn=pimco_gis_prospectus_en-sg.pdf&id=2kf1muAsfjcOb6VlJB74xF6Z%2bqvN54SG9IgtSVMKehuxHLxYA2uyOjHi6L2qGW9WgSa9jbewopNsXr9e7YD7hx3wBqsl7qamS8RIhsPXXKFyT3JVWpCOQkGmUODLj5y0cEed%2baNljZwiTAPhSQDDogqcWxFUEqYr8%2bEyHZCNvfdjdEbk1OXHJlE9pGc3t9vyMuGVlFJjD0lzk1WxyDWtEnYcuozupTSJ40TYjO1lP89l9Av%2fVOayvS8WH45%2bOHc3mkLK6w8BKiwTO9CSg42jehgVStKyD%2fY%2fztAkOVrEwaEW9FVzp%2fVWGCcQThD3Avh7N%2fgfxBNZimayWKWqzoT9%2bXKoGGEfWbFsxQfkjo%2bghpkimrDY7Cj5%2faSDXyIhcYSG9N9OF2C%2bjm6Fd9b9z%2fjx0n52p6HPRaxWyuWzL7OatIk%2fk0IIjyZf26s98X51W2fvFb55zLSNxkr8GPrxpoxlTQ%3d%3d","https://www.pimco.com.sg/handlers/displaydocument.ashx?c=G7096Y454&wd=Fund%20Fact%20Sheet&fn=Total%20Return%20Bond%20Fund%20IE0032303764-SG.pdf&id=ewbDGaoQosIitH3NxXKzZyhtfzGQHMDqlFZZ1mNkQRJW5qYTXYk00hL0peq2%2bLQUPFG8X2zF5E5m3V44DqoGupn4SRASmsT6MXBivVACC1yVe9wb2ZtEvZsITp5W8J612%2fdyPR%2bY3MmPIV%2f0XHniS5AGGaXMuNpTOhWzOl%2bitNJzb72QLIk2clmXKo5kEm%2foa50aEtIr3scbVCa0hdS6e3rIkCmFgZbs%2bgf5FK0V0FMwJAX4zeye9ihLCTG1dndBg%2fnVunsKPcIb%2bNFcOack6CNbcI4aSxFxH4D9w1M%2b%2bwJJ%2ba9u7jruHuU5oxWytiEM3XXtmdMch8iM4Xtij09D4yVaez5sQIlhVqyMbX1e5Y3xYZPEQAkBsQY3o5Nz7yNcpe72uuYmzvHUwgVsAen%2fmixLC%2f0qhKXN36sfJtZKti%2flKCZcA9MqZ7e1pPjI43cxFlLCbnUjOwJOes4XTlSRzbI3rYrS2Z7zxgXmcL%2biYKaRXcGdql7Uo5dbi5Akw9p7"
"138550","IE00B8K7V925","https://www.pimco.com.sg/handlers/displaydocument.ashx?c=G7112M419&wd=Prospectus&fn=pimco_gis_prospectus_en-sg.pdf&id=2kf1muAsfjcOb6VlJB74xF6Z%2bqvN54SG9IgtSVMKehuxHLxYA2uyOjHi6L2qGW9WgSa9jbewopNsXr9e7YD7hx3wBqsl7qamS8RIhsPXXKFyT3JVWpCOQkGmUODLj5y0cEed%2baNljZwiTAPhSQDDogqcWxFUEqYr8%2bEyHZCNvfff1O2VHnc%2fJl5s26prLQBj1R%2fcHKJ2vpk%2b%2fc%2b8gr2eBVFhmHWJL96yUXdSQ9eRpm11%2ffJfUbeHEpXctcjQ0VzWtHleSYlxGAtB7ohqUwzsGt0byzbp5T7E9hsPL%2fcYuekS0T4b1mwmoFdrxdDjzwKCsBPQyG3k%2fi14tgWTuopkIBvVRf0wVqRETAdwhI8IdAB44OXl%2bzcDu1FVl2XhDw0Kj%2fY9jzpVaV1%2fIwTYlbBdFbIBueBBgj2qw0sE9IGwg1Tr2EMZXih4az0z9q9ZR3vr","https://www.pimco.com.sg/handlers/displaydocument.ashx?c=G7112M419&wd=Fund%20Fact%20Sheet&fn=Income%20Fund%20IE00B7KFL990-IE00B8K7V925-SG.pdf&id=zjI8%2fw4x6cRyRktOp%2byhRIKP7KMl8uoHutfkdkHZsOGYnYt3yccHVG79N1aNvy0RoGO3VllQdh2hJOAKMWb8%2bZi2ADaFh1P7GQOyPYIqyA6nFtVUjCt46yLRzmak9%2bj1PUo4ohtJDPGzhPrG8SrGTdPhxQs%2f4Crb2sDn49Xwls63PLpNeVYLjT75QNRbKvwn8t3pi%2bx7cNysXjZx0wR4wQfq93%2f1lCSfQakx9%2b7nfjUgKM4ViG6czFjUvosDyRhf901y5v3dWfOkNCmYlFhhf1ZhrX5bs8bIUpvq%2fzASNiD6Y8UuvgVOVqPx4PrELkKGxh3SlvaQfKloVj89XOWEy%2fG4TGOt9i69zzdZDBB1JT%2fw0omvdSZ2xAJju%2fzU%2f5m2VQQiAU2HPIJ8IjrPtl2DIo6F3%2fOcccOirvXIs4mROmBYjXm0Rn4QwfS75NK%2falmXrxngYt65ZgN%2fQXXrgBaefuTS0rQdoayF9CWYXE6r93E%3d"
"138551","IE00B8N0MW85","https://www.pimco.com.sg/handlers/displaydocument.ashx?c=G7112M435&wd=Prospectus&fn=pimco_gis_prospectus_en-sg.pdf&id=2kf1muAsfjcOb6VlJB74xF6Z%2bqvN54SG9IgtSVMKehuxHLxYA2uyOjHi6L2qGW9WgSa9jbewopNsXr9e7YD7hx3wBqsl7qamS8RIhsPXXKFyT3JVWpCOQkGmUODLj5y0cEed%2baNljZwiTAPhSQDDogqcWxFUEqYr8%2bEyHZCNvfff1O2VHnc%2fJl5s26prLQBj1R%2fcHKJ2vpk%2b%2fc%2b8gr2eBVFhmHWJL96yUXdSQ9eRpm11%2ffJfUbeHEpXctcjQ0VzWFIrYPg82QQIECPQKDp3%2fAPcULGo7n5TiIpQa7oEBYSVinlHfgts78yd9olVdsj3xOCPCiHmA2fyRPVc50DfuXuK4mNY%2f7VNVY7jCemNm1eYhppMWJh%2fMVEDuBgRfJnRspS%2bLx1Y1yDYpY8%2fhDn4TStwpiUjQJKikcNe1kcU00t%2fzDw4y56C50nZD34xa9lYC","https://www.pimco.com.sg/handlers/displaydocument.ashx?c=G7112M435&wd=Fund%20Fact%20Sheet&fn=Income%20Fund%20IE00B84J9L26-IE00B8N0MW85-SG.pdf&id=8OeUjfdmpokrigjD6xUCZZ0M5vrvlcSFQ5gCF7T7jiqNo5y75wsLLTLHOq2K8GntePDURiuiKQs2mqquFLLUXibJ%2b3zMVsjfyqK5cxhyM7%2b2Iqxw9VCh91uimuZi6VESgz%2byDVC8cTmr2ICQvUZFlSukU11pcq0SKeGBd9%2b2YCOH%2bjc%2fHBBru%2bqTYEfS0t2i6JDnFr5hx7wYAbcrwqfRjuZgAgzD%2bbauN%2bb%2f0%2b1bUlNaUZTNU4oHhAYw2s2um7G%2fMld2JtGKRc3Wnoez1yOeixME3GAl4pKHPdO5Fsb%2f0JDzkbvUQz80vrruR1qMD0FsZxGbIjRJkrBrCvJL6U3Akw3HPUApofDhztRM1LyBOoS5Y6aRMd84YMSd8VqPr4p5rNZis73QavLVnr2GmKVJMqdKgTFoK4RMJTrjstWgF9HwWgwbQs9RC24oGHRMMO77CWHlnmSOZg7rnj%2fzcVcJ4ZgJaF3q9pC9z09YZJmv1U0%3d"
"138552","IE00BF01VX72","https://www.pimco.com.sg/handlers/displaydocument.ashx?c=G7097F496&wd=Prospectus&fn=pimco_gis_prospectus_en-sg.pdf&id=2kf1muAsfjcOb6VlJB74xF6Z%2bqvN54SG9IgtSVMKehuxHLxYA2uyOjHi6L2qGW9WgSa9jbewopNsXr9e7YD7hx3wBqsl7qamS8RIhsPXXKFyT3JVWpCOQkGmUODLj5y0cEed%2baNljZwiTAPhSQDDogqcWxFUEqYr8%2bEyHZCNvfff1O2VHnc%2fJl5s26prLQBj1R%2fcHKJ2vpk%2b%2fc%2b8gr2eBVFhmHWJL96yUXdSQ9eRpm11%2ffJfUbeHEpXctcjQ0VzWoq5jkZMf044szSwZdp%2fREc3Ty9z1cCEjk8liHYaDRXArnYxfzh450hljr9qIs%2fo%2fEjwBuo02Q4%2flPMfoCQMWY49NRDX19cu2EJKiCcI%2fcf4TGMyzQEINjhlXUiTbB7KUe7WAfUT5qzCHj81Xe4cfYP%2fwXvjNiNKKrRHgSzUiXqiQZvg10wqelpH3wL7etdbh","https://www.pimco.com.sg/handlers/displaydocument.ashx?c=G7097F496&wd=Fund%20Fact%20Sheet&fn=Income%20Fund%20IE00BF01VX72-SG.pdf&id=yljhqVTlnrVLpSFDHpQqH101eXpYKoZzXkyJmfVknoyOmcw5iRh7x%2brr8EhX9Ft49wapbzYC5v8nvVSPXKt%2bR3J8a8WSjMGz03WEWao%2bjjOkR3Tp4vAN0xHqep81yyK9i5JUuqqhjdPfKJWJ1RiCI0WbGqdSaTKB%2fm%2fcik2Kg0uyplDhjY6uY2mGBnfRVwSxsxNDBvKfJf8hCxo3U3Ms8Fg%2fvfkerLi%2f7UOtXBRsWahvhSkXFpspnrFgRL5YHvoMgyCywJfiyOxNQP7b5DtBMCA5gfywcmuI%2fGn89qTKkNkq3EDY4SOvdE5AOiV1iXqzzs5vL%2fJUzokY9t6cwckkLUxhU7DVyl7b%2fDzYM3vDP4%2baLdBgjoCHGIGl%2ffKxCOG8FSIuwXZj69Nv6KiXN%2fxmd%2b%2b38327MYuH3igRCOoGkI3XACEVjJ7GRs%2fjpnnxe%2fWG5jBv5W7ljLm%2bCB4ZkKkLfCvXGgjkM%2bkpTLOEC1cLucM%3d"
"140887","IE00B11XYX59","https://www.pimco.com.sg/handlers/displaydocument.ashx?c=G70974384&wd=Prospectus&fn=pimco_gis_prospectus_en-sg.pdf&id=2kf1muAsfjcOb6VlJB74xF6Z%2bqvN54SG9IgtSVMKehuxHLxYA2uyOjHi6L2qGW9WgSa9jbewopNsXr9e7YD7hx3wBqsl7qamS8RIhsPXXKFyT3JVWpCOQkGmUODLj5y0cEed%2baNljZwiTAPhSQDDogqcWxFUEqYr8%2bEyHZCNvfeitjn%2f62GKzpgeumBHSKGUqPHDd1i3paeg6CttmmPg9VoX%2bP2KFw6nZNSPYdSxG93FYAuNyJOZetZrXO0imPkbgioXEbKy1jl9fUX73YA9r7Mxh3ASi9IDzlj67HuJF9rWeUGxll%2fYIvL14lzvrckdPB6Mfm9RBoPmjx1ua6TquxXKJvu0m0onvwXTX%2fC%2f%2bNr2winD8JMFbIxmMIL53dHBCu5nOq2KKTk2nBd2DQmSBrUj6D2uA%2fIP02f6%2fGPG5WadQkLLEhPyx0%2f4NOnK8KdUuLc%2b3HQo7%2fjpLscB%2bcSk%2bl%2fgqW4Ev1Xum%2fahvqjlLC8%3d","https://www.pimco.com.sg/handlers/displaydocument.ashx?c=G70974384&wd=Fund%20Fact%20Sheet&fn=Emerging%20Markets%20Bond%20Fund%20IE00B11XYX59-IE00B0MD9S72-SG.pdf&id=tPhyjhaXKpSMqMcoJwj3%2bzquKPaPZthKUMCjb25GYn84ZsK7upBL6C4qZx6v8qLDUWaAaJYasUS4O9G9wE%2f%2bjqKwiCnrGmTs%2bSWLdohG1xt4UEeUBlLuSPlFC6jC0nHLsmObrLxk50CTzfwra6N4orjPrhjfB2EzpCeGL6GUoxJb6SCeCyShoI0hrtiEeBBN2zJ03WuA9CPajT17SmRR8IjyXwFOtMDh9wXdAyj3QfjntrsE61nptvNoNDv9toBH2ZaL04dFLezWyVoAaZFoa1AnAg%2bm21Yli9zqs1d3T8mT97%2b9LD7nhKbVfIim9Py7C6Yr1Ka83kNUgrOn%2fAoEo6MKda%2fM186uopRckinCXe%2bc3XcDODL%2bwLM2HdgJmoOSLNRYnOAHyu2txepo436Qjn4YyByFhU0Y3DtAici%2f1NAalpw8M0RitqnMYOaWSoOFIzN7%2fm7C%2fpAMwR2utH3PHVqv2QclKLU334zqs8cjjBga98SNUUcduIh2t0sXmTTw"
"140888","IE00B11XZ988","https://www.pimco.com.sg/handlers/displaydocument.ashx?c=G70974608&wd=Prospectus&fn=pimco_gis_prospectus_en-sg.pdf&id=2kf1muAsfjcOb6VlJB74xF6Z%2bqvN54SG9IgtSVMKehuxHLxYA2uyOjHi6L2qGW9WgSa9jbewopNsXr9e7YD7hx3wBqsl7qamS8RIhsPXXKFyT3JVWpCOQkGmUODLj5y0cEed%2baNljZwiTAPhSQDDogqcWxFUEqYr8%2bEyHZCNvfdjdEbk1OXHJlE9pGc3t9vyMuGVlFJjD0lzk1WxyDWtEnYcuozupTSJ40TYjO1lP89l9Av%2fVOayvS8WH45%2bOHc3mkLK6w8BKiwTO9CSg42jes%2budcW57tqECZ93RKR6ws1n2tNHTakHVPuXl4HQ%2brKAXyfN4HrP6vy97WqtR3Pby7xtFez8SM7HSOndhxR4aDezaERwuNtIa2g%2byTxFz%2fD%2fmMvLP9cGhXk0rylnaJlCbcOaPcFir4DMbH5TvO1HcGhfjQfgcwsWihyHx5xjhVznBMdsadhVEWA5m9fPp0LM7A%3d%3d","https://www.pimco.com.sg/handlers/displaydocument.ashx?c=G70974608&wd=Fund%20Fact%20Sheet&fn=Total%20Return%20Bond%20Fund%20IE00B11XZ988-IE00B0M2Y900-SG.pdf&id=TmrcMvy%2bqH%2fVHiAcyzR%2fD%2b1rlbIoclwPVaA95LCHp4i5eLTOt1qGsByjpGgB20D2vy8WQRNpFLOr1oWffYunJrzfgNvvOppNfsrND5i%2bzKm%2buNTgz0a7FHpeehkSvUSdgy55l0MQFXWNmwJKNap1SltfnTr2Sr4EHOiF%2fO11j%2ferhkZGz6N%2fzZSOXPPuk9V3Nm9B71UkTgxhXVmHMTNXwhE94p%2fVCAzONwnoJLNSX3SigMWcXz%2bpbrGodmnd5rN2hUcr2oLvnFfOe0UZ3SWNZr1kKSjqvBoy3%2f4ejp1gYA8vedzzGVhHmJS2EVfClwkzNciZWlwsgFn1fQAImFmydhwpJP%2fgHpKu283n6gFYLiKWs4j0%2bRpO96W3AjY%2bDit%2bemZeGDXRuZZzUOTbLb39Vn5DK9KNvdSYS%2fllO5Kz09lLQl91YaQNKaHfPvhrtSRW7a93lKAnVSVGq7jVI3UDPOgjUVs9L7%2fjlfNfseRsTOeE4Z%2fRdcMg%2f0K%2bSbmp3Te%2f"
"140889","IE00B1LHWR71","https://www.pimco.com.sg/handlers/displaydocument.ashx?c=G7097Y180&wd=Prospectus&fn=pimco_gis_prospectus_en-sg.pdf&id=2kf1muAsfjcOb6VlJB74xF6Z%2bqvN54SG9IgtSVMKehuxHLxYA2uyOjHi6L2qGW9WgSa9jbewopNsXr9e7YD7hx3wBqsl7qamS8RIhsPXXKFyT3JVWpCOQkGmUODLj5y0cEed%2baNljZwiTAPhSQDDogqcWxFUEqYr8%2bEyHZCNvfdjdEbk1OXHJlE9pGc3t9vyMuGVlFJjD0lzk1WxyDWtEnYcuozupTSJ40TYjO1lP89l9Av%2fVOayvS8WH45%2bOHc3mkLK6w8BKiwTO9CSg42jev4veKNf0t4eQx407%2bjs2t25FlcpewyFkkT6so%2fYtC%2b%2fn5UTDHq0N49%2bxQlsgUdZZbNsOH61be%2flJnQ9BOCgcZ0r7YwgbzHapwOtGzqehqb%2b0hUCpw2CphG0s8Nk4VP%2fa%2bMZoS83%2bA6m%2f0Hdcam%2b4gE8I5M%2bRak%2bu7dUQpsUUs22sjy9W%2f1GVwjuF7SwmLRbIA%3d%3d","https://www.pimco.com.sg/handlers/displaydocument.ashx?c=G7097Y180&wd=Fund%20Fact%20Sheet&fn=Total%20Return%20Bond%20Fund%20IE00B1LHWR71-SG.pdf&id=VT5jwNGx6nTSVVcGXLH9Xcdi%2b20qJzp6DUmBvU4NB8l5J1n7ERlNKoIwjRUot%2fJGUOyy05pJe0Unliz6zIKEgUgxQqyBNVtOCHrI%2fhSH%2fPCWHF3wq%2bO6SmY17FLhBm%2fpftebXLhbHWHrf3mkCcrzHZEGHCR7YWZToSwpD%2fg1YHfq7DGf5uV5P7Bgkz8iazLGtS7ronVs5eKD%2fWztEpj0areWl5fIN%2f6ipTJCGsQGJK2iBwV2ViKmgonmhzg1PBQ1OAUW2AgX9tSejCxdwPHCKN%2fjKHtoOW5k3CNrVoYeG2leip8Mn0hJzvUC0NzduYH9TSiEtHrgqfRfGfNJuE8HrhdxmHkOKlPuWhTPijpX45IQ5DiNQNLNwddvr63MmjKRSZGUBRVjxPoMYEXU2dPgv3fONW1Ftt%2b6b8NOoHll5%2fWOLh%2fC0aPjza413efkQOV8mY%2bDEeqQLTyOJEzGFSS9qFqAkU%2bemLDk3fuAoAuX0MCNBbxNvPex5Tc67NDTEQWR"
"140890","IE00B84J9L26","https://www.pimco.com.sg/handlers/displaydocument.ashx?c=G7113P346&wd=Prospectus&fn=pimco_gis_prospectus_en-sg.pdf&id=2kf1muAsfjcOb6VlJB74xF6Z%2bqvN54SG9IgtSVMKehuxHLxYA2uyOjHi6L2qGW9WgSa9jbewopNsXr9e7YD7hx3wBqsl7qamS8RIhsPXXKFyT3JVWpCOQkGmUODLj5y0cEed%2baNljZwiTAPhSQDDogqcWxFUEqYr8%2bEyHZCNvfff1O2VHnc%2fJl5s26prLQBj1R%2fcHKJ2vpk%2b%2fc%2b8gr2eBVFhmHWJL96yUXdSQ9eRpm11%2ffJfUbeHEpXctcjQ0VzWqiYVxmAnKYuEmB6FnVG7vKaVJfMOoBd0seB8OlxiFju6US4Y7XsnEGORui6GlbqJ5yOqFNhZr%2bdKWpvDxHBBfGNv6mRZn87G88OFkNXHXBOVNWHWCoIYcPxhE2rBFcNJrxg%2fRe7kHR1HxkiJpuef4WzSsACuXw97AK9u%2fpYeS9nbBIpbv1VjDIiVmklBa6bZ","https://www.pimco.com.sg/handlers/displaydocument.ashx?c=G7113P346&wd=Fund%20Fact%20Sheet&fn=Income%20Fund%20IE00B84J9L26-IE00B8N0MW85-SG.pdf&id=8OeUjfdmpokrigjD6xUCZZ0M5vrvlcSFQ5gCF7T7jiqNo5y75wsLLTLHOq2K8GntePDURiuiKQs2mqquFLLUXibJ%2b3zMVsjfyqK5cxhyM7%2b2Iqxw9VCh91uimuZi6VESgz%2byDVC8cTmr2ICQvUZFlSukU11pcq0SKeGBd9%2b2YCOH%2bjc%2fHBBru%2bqTYEfS0t2i6JDnFr5hx7wYAbcrwqfRjuZgAgzD%2bbauN%2bb%2f0%2b1bUlNaUZTNU4oHhAYw2s2um7G%2fMld2JtGKRc3Wnoez1yOei9sdkFWb%2fIXsjzNfgQ7dueQFJUvQ3t9Cc6HjwseExMV13u2xj4xWZTdBqHRM0lbZK%2fTOqyBwaB4%2bb%2fPcmjKw1fBxP6FcuTRk1YnrBQSOpzwAIDcSzrgqn%2fW3HgAympH1cQ1kbMF0OXwcO8L%2fhbdu5feawsRfn1Xqtn1dNfDgu2jylUeNkKCbYmm2M2WPCsq3snn%2fv%2f5tYqXihesf0OYWct8%3d"
"140892","IE00B8W6D244","https://www.pimco.com.sg/handlers/displaydocument.ashx?c=G70970200&wd=Prospectus&fn=pimco_gis_prospectus_en-sg.pdf&id=2kf1muAsfjcOb6VlJB74xF6Z%2bqvN54SG9IgtSVMKehuxHLxYA2uyOjHi6L2qGW9WgSa9jbewopNsXr9e7YD7hx3wBqsl7qamS8RIhsPXXKFyT3JVWpCOQkGmUODLj5y0cEed%2baNljZwiTAPhSQDDogqcWxFUEqYr8%2bEyHZCNvfff1O2VHnc%2fJl5s26prLQBj1R%2fcHKJ2vpk%2b%2fc%2b8gr2eBVFhmHWJL96yUXdSQ9eRpm11%2ffJfUbeHEpXctcjQ0VzWnTFmUi5VH1oG51z6Y5fi4%2b4CkM7CxpSI8rLZrDNU146g19JzY7jeBG5izn%2fkNZXFV3p6lrM7tihRo2pl4BCa9K9F2S57kjgkqOHAkofLTV3wpy42Dxg364qqgVFWDFw4icYEaaHDeP5k3EO3t%2fqgeHafnn3ptk5VuDgBp5WmpBT%2b%2fIyurWx9NQFIJpCobPq0","https://www.pimco.com.sg/handlers/displaydocument.ashx?c=G70970200&wd=Fund%20Fact%20Sheet&fn=Income%20Fund%20IE00B8W6D244-SG.pdf&id=Ty%2bAY9%2b7hM%2bOJb9C4yRcWwmiYAdVT050PoHjcyumdzFXL8pPzQ4%2fIdilN4B%2brUs245kqbcEHpgcAlldDSfXiFxUMpN%2bf8IBjoU%2fO%2fblBTB7f4xNmX3Q9hJmKR2g98nZG6FI0Ep2zL867rvPAeoSccLdmOx6h6ecn8%2bltVubr40xQqilgOEtZPq2VJf%2fsGHVYB%2b5MTlSlvtfDjwXFO2dL1%2fIQL6KX1m8LkAcx1o0ByTcSyGdynE2gtpFlhnQpp4x5im05dT9aL84lxcqra1UWlQujUfUMvfG6st0Q4gapFPqhPuRNddrbUcPJQvViy55ZR3FRbZwl0%2fIiTU06dM2hWHCBy3j3YNkH8cgkCFHNGOEudjX1kzD5iidOB5B8IVii97Tt3pouZE5gRNC0vb6HIsiB3PIPfmnlBvjbgdEe60wi%2beJwexNUyBMG9TYvrrF4DWWBwzBq8gSB28Seexktv7t8iOqEJWY2wR%2feFwVBWlk%3d"
"140893","IE00B92ZW543","https://www.pimco.com.sg/handlers/displaydocument.ashx?c=G7113P395&wd=Prospectus&fn=pimco_gis_prospectus_en-sg.pdf&id=2kf1muAsfjcOb6VlJB74xF6Z%2bqvN54SG9IgtSVMKehuxHLxYA2uyOjHi6L2qGW9WgSa9jbewopNsXr9e7YD7hx3wBqsl7qamS8RIhsPXXKFyT3JVWpCOQkGmUODLj5y0cEed%2baNljZwiTAPhSQDDogqcWxFUEqYr8%2bEyHZCNvfff1O2VHnc%2fJl5s26prLQBj1R%2fcHKJ2vpk%2b%2fc%2b8gr2eBVFhmHWJL96yUXdSQ9eRpm11%2ffJfUbeHEpXctcjQ0VzWJKq9kZfNSwZzEW1EwdICefzEn%2blGLwyzr47VJXVbn2b8DLb40pDVwHDZK%2f1TaWHwHOHObrnXSVC56yvOaY09icXeVG3U7DKgYSav3WMHn9x4Gu8IMhH8%2bdEEPz8hm49iAiz%2fKBBGWqdBfazLDIFsz8ckrvXPUNFrrADnLTUgdN%2fCdpBxoUzZNDdIrL2UjYQ2","https://www.pimco.com.sg/handlers/displaydocument.ashx?c=G7113P395&wd=Fund%20Fact%20Sheet&fn=Income%20Fund%20IE00B92ZW543-SG.pdf&id=i7zw6qde5PJOJRdVb6fucw2fZkOE6fU1Jz2NqB5PYvGvudlS3fd2HL72Sq7KMVsFzBoLHMd045thEFeWjvOdfn%2bl8nUpqRRlgqzBUwBXa8ZoJ7Bpal%2bztEys2rBXBCCw4lgaSmLqi%2bNyrb08czU95RPfC6UV5f8PT001Fwm7XG4Hb6cLpUt7HsCwEIvwvYb6WxZZEuqbFpgBuduRCYHRuW7UIvjLsz%2fQRPAq4xyK%2bk3M0upPhadxr%2fXCe7IQmwlNXGYd%2fG8wIH6DJlzPD8HbN%2fO7YsBNZn6WCGVPAdqjuSSe34ixjd11DYqmC428lkJDu%2fyRszOYt%2fkVEo8MDKTAf%2b9SBMh13guB5X1VOFb%2bW3dmqKGBC7RazLKe8%2f0osxdJa6ivRixhMm5W3SjFG9t3yQst9NVFXVvK%2bMfVjdGO5KXThrxdK1Rvi%2fM0Naa06goIPe%2f3dWRWEF0eXJpfTitG0zXBrXF9GHh3mLXGb0LVhZE%3d"
"140895","IE00B9HH6X13","https://www.pimco.com.sg/handlers/displaydocument.ashx?c=G7112M534&wd=Prospectus&fn=pimco_gis_prospectus_en-sg.pdf&id=2kf1muAsfjcOb6VlJB74xF6Z%2bqvN54SG9IgtSVMKehuxHLxYA2uyOjHi6L2qGW9WgSa9jbewopNsXr9e7YD7hx3wBqsl7qamS8RIhsPXXKFyT3JVWpCOQkGmUODLj5y0cEed%2baNljZwiTAPhSQDDogqcWxFUEqYr8%2bEyHZCNvfff1O2VHnc%2fJl5s26prLQBj1R%2fcHKJ2vpk%2b%2fc%2b8gr2eBVFhmHWJL96yUXdSQ9eRpm11%2ffJfUbeHEpXctcjQ0VzW3hDMC4eietVVxYTtuTC7dY2kFmqb6hf5VEaVciU1R7x3yEYq8oEY3yEMsBzgQX7niLvanp2Eu4UaxONmic7lx8lHdph7NMaErOe9Hu3BJJQdtXY4Ibh5XFQ0HQLu8TgsIEQzjhJW8w0tQP6o6bRWtFgrNHI3X9ORk1Lowh%2fFh%2bdBurQD%2fgRCu4%2bc20tiONA5","https://www.pimco.com.sg/handlers/displaydocument.ashx?c=G7112M534&wd=Fund%20Fact%20Sheet&fn=Income%20Fund%20IE00B9HH6X13-SG.pdf&id=ENL%2b6d%2fEAENz6H95EusTPZc8DbUsbjlXyvgYRuQpmS90rqR2vpqX2IT61o3HsA%2fVJaW%2fGlnJPSaGWwva%2bMCg1DOsh8ZdNEbw3Mrk0buxj%2fCd%2fXXjcEGbZgd4NFEWbACdlBIHL4HimC1kZhxvA2UTp3a%2f3JGwy6fj3vJo%2bTVE9yZdRLdjBbK6EvxMbrYrcQ30NCt2h9tH1iQ5V4EpjJVhR4uf%2bi8oqZdx7rBVpgvB0K7TzHSSBG7BNKiZIQlX72X3pXLtcWRXqXJra1jcsEFoBbWA%2bGPfpc9MknvsDqvEwmDfsesyIuW2X9Z5bh9wKSr3ASCCGSNnc5CYfw5lsWwRKFlLhqms7JOAZ%2f5INHOLHV1KLK4fX%2fVqbq2vxIKHgjIUpGyY8%2b4PRqEliYquz6OCIEoqHQEHqqlMD7ft1YwrtYlad2GhnfZxoHvGTARE9GO7oZ9l6S6QPIU8SfgHFnmSnLM2rb30w1nwedpZDu1LayM%3d"
"140896","IE00BD8DFW88","https://www.pimco.com.sg/handlers/displaydocument.ashx?c=G7097F462&wd=Prospectus&fn=pimco_gis_prospectus_en-sg.pdf&id=2kf1muAsfjcOb6VlJB74xF6Z%2bqvN54SG9IgtSVMKehuxHLxYA2uyOjHi6L2qGW9WgSa9jbewopNsXr9e7YD7hx3wBqsl7qamS8RIhsPXXKFyT3JVWpCOQkGmUODLj5y0cEed%2baNljZwiTAPhSQDDogqcWxFUEqYr8%2bEyHZCNvfff1O2VHnc%2fJl5s26prLQBj1R%2fcHKJ2vpk%2b%2fc%2b8gr2eBVFhmHWJL96yUXdSQ9eRpm11%2ffJfUbeHEpXctcjQ0VzWfVrPUBgJHQWcor6kOeX9EmVz1wGLrG8VTstDTWsqw2NPRzIuCwL2VEGoS%2fTZxvFaV90700pfSEoT0EoflDnqT65CVLhhOEQxKew8McvjzArIFWbI2z9diisyJ0bHinqOWGb1YHaf4W41KZYLMuhzK2CKzghwq%2biI%2bWQrHA34A%2fLW2uEZ3X%2flUxO03Xj6Db36","https://www.pimco.com.sg/handlers/displaydocument.ashx?c=G7097F462&wd=Fund%20Fact%20Sheet&fn=Income%20Fund%20IE00BD8DFW88-SG.pdf&id=%2b3npUTGatmif4tPCyUxhHt%2bwBBBhV8oG0%2bPlpTjsVvsX1kzqTSLfhbH0%2f4OFb0jGMC3ElDOoo6HYQdvuor9EnaWhAVb1BNN1%2bhCXOW4GEuNin0JXMKbVmCNHytYAZm6XHMQ5gzOxU%2f9Gdv1rFbOhBhhLOP6DoX%2fNNEelzHLdratvhkZ4dKVaHMjCxgJOrJh0H0XCsz87WnP5BPIE4vphAAqvWcMpj4JtW2%2ft14vujNUbKnE3r6Nt2e5G3V6n4sLolvZVrqtetz9SRaZGZMBvWlRBk7vDmuH3JglqGkq4yrgayljSmnnp8cpZfnBuXK0SrvmdzVXiaUo4oaBLECH3S8VzrdMhgfQ%2bx%2bdywdrFP%2fwS2lIFe%2fKYJy4B8xQy2swgcukzRbOHXurbQvV%2bg8o%2bOzyrZ6tK%2feIvjOaba%2bbGUi%2bL7lrtP2KfcJRHvDb5ELvHmy6elh3peHROM9OI2c33yl1T68i2tVehAd661SC6Uts%3d"
"140902","IE00BH3X8443","https://api.fundinfo.com/document/3962bb0689d9204ea0afa10ee8479b48_5470915/PR_LU_en_IE00BH3X8443_YES_2021-12-31.pdf?apiKey=23b50ba8-4027-575e-4e64-ff7901687e74","https://api.fundinfo.com/document/51275ed2e18846804c3a1a3f94992f7c_183240/MR_LU_en_IE00BH3X8443_YES_2022-01-31.pdf?apiKey=23b50ba8-4027-575e-4e64-ff7901687e74"
"140901","IE00BFRSV973","https://www.pimco.lu/handlers/displaydocument.ashx?c=G7113P726&wd=Prospectus&fn=GIS%20Prospectus%20Luxembourg.pdf&id=a%2fKBVnDtVbLZFkbiI9qKlkUMZ2Fa7cu0X05VwdaH%2bT1v48RmYCoqPZ90zjM9%2b3hM1PtA0Xjz7qavOSajs6ni4kGUNU4p3CJbiWHJxI4H5UZGvlqfluUiGRRZgoI%2f5MHVvfE74J6uwCuDTBYsKHcs%2faQTO32ytpk4wJsbQxMEswZ3XmlSpuhU8qYZw2jOxiiO%2bDcJ2dCgvyWMmpguaHlIH3dCyBhqIW0%2f22JJPNf87Y9KFo9J6vXgM7y3MBqMn%2bKNysH9jNyOt56F7MiDRVufQlErRuO0Djo3k47zDPu1g58%2fC%2f1Pntwv%2bZHctECgB%2bFTftOOVj7ZY5kRqvnla%2bFFvPBWw06%2bTOD%2fquWS0H33WmV7PIoDICAELizsgZnbd8xTk%2f4%2f3ChNCuvT1RQne9ssuTSnG%2bE9OWjlWTjvFPFqPsdywduk1Bri7dMEg6sO8qMrNuM9A7Ot%2bShuw8IXDWFRbLfaXVDfE9dwbQ8SujbLreA%3d","https://www.pimco.lu/handlers/displaydocument.ashx?c=G7113P726&wd=Fact%20Sheet&fn=PIMCO%20GIS%20Capital%20Securities%20E%20EUR%20(Hgd).pdf&id=792xXWkTo2EW4%2f96vad5tt%2fSx8d8j3byNpvzoKq5eFykj8x%2bUQqtG1RvPeuZ%2bp7Rjm%2f7VVa%2bW3jPZZ7yAyG7IjMCidVahxAEJiIc%2fR2GWNqJB%2bPoat7BJ01ChUhevj0HhlSXHayF%2b%2bbkDyqWtBxlNeEkm%2f42lR%2bCTNoaQI2D9ouWAgcHG2tyoHWDZXo453Lm3uaGNsS572LBW6P2YW2q0uhPM6fyN%2bGas5Hwjo74KtOji2Ok9yKaLnjO2rsE52CIyw3r7iOWpBufBXTNfvHI34xFT9xXTlCKuFFIYmf9bhCeTZ%2bYQNY9MaNHeNGJQHk%2bOwXocnGHETBvsXSz3C6XAJZXgMoks6f8yPWY7yOLBQ8NE2Yhhyzi267pA3HzapSyEiZuhduQKi7ZE7Ta1UuZPQdigsxu2vpnGABNprA2%2f3oFEiZsmXJn7H88cta31iBWHW73SrPSWHBATZLbyfz%2fbQ%3d%3d"
"140920","IE00BZBWL408","https://www.pimco.lu/handlers/displaydocument.ashx?c=G7097J399&wd=Prospectus&fn=GIS%20Prospectus%20Luxembourg.pdf&id=a%2fKBVnDtVbLZFkbiI9qKlkUMZ2Fa7cu0X05VwdaH%2bT1v48RmYCoqPZ90zjM9%2b3hM1PtA0Xjz7qavOSajs6ni4kGUNU4p3CJbiWHJxI4H5UZGvlqfluUiGRRZgoI%2f5MHVvfE74J6uwCuDTBYsKHcs%2faQTO32ytpk4wJsbQxMEswZ3XmlSpuhU8qYZw2jOxiiO%2bDcJ2dCgvyWMmpguaHlIH3dCyBhqIW0%2f22JJPNf87Y9KFo9J6vXgM7y3MBqMn%2bKNysH9jNyOt56F7MiDRVufQqFxin3UVm3ugtbjZLLSCeVWR6nhSkVVnhjg6aYQxdY2cTUqCRvfhKLzKyHAWwELnu0PMxeBDgr5bPD1FjZaN7IpAir5kVQhA4BipypOX%2fL0gytvRoORQW7fLxo1cIOo8gskO%2fu3tz1R9mXRK585G838cbxLI055anINzOYQuoYNhBiCJ8m0WPaF%2fGZQU8owlcg%2fn7gQGQdvyeD8jlnpNvI%3d","https://www.pimco.lu/handlers/displaydocument.ashx?c=G7097J399&wd=Fact%20Sheet&fn=PIMCO%20GIS%20Capital%20Securities%20E%20EUR%20(Hgd).pdf&id=792xXWkTo2EW4%2f96vad5tt%2fSx8d8j3byNpvzoKq5eFykj8x%2bUQqtG1RvPeuZ%2bp7Rjm%2f7VVa%2bW3jPZZ7yAyG7IjMCidVahxAEJiIc%2fR2GWNqJB%2bPoat7BJ01ChUhevj0HhlSXHayF%2b%2bbkDyqWtBxlNeEkm%2f42lR%2bCTNoaQI2D9ouWAgcHG2tyoHWDZXo453Lm3uaGNsS572LBW6P2YW2q0uhPM6fyN%2bGas5Hwjo74KtOji2Ok9yKaLnjO2rsE52CIyw3r7iOWpBufBXTNfvHI3yJ9Do19B4uwxPykBDT9n0Ko4%2fG%2fF2z8XCVGU5Vt%2bnLH0WxGxlbp8dGT%2fj80PlxkmY51gvNJEBbQGD4n60M9d7wo9NyCBU8ZAuTquyXaeLJYL1eJiQLJm8pixwvMeCBsYb1Uy7YPlmc0mWa2hjxxsz%2fMVX0tw1%2f5AUraHuuAuN3S9ZSR4sYujtO0NZaiSOid5Q%3d%3d"
"140903","IE00BH3X8559","https://api.fundinfo.com/document/3962bb0689d9204ea0afa10ee8479b48_5470915/PR_LU_en_IE00BH3X8559_YES_2021-12-31.pdf?apiKey=23b50ba8-4027-575e-4e64-ff7901687e74","https://api.fundinfo.com/document/de26cf0c1c6540d07b7dbaa183200b34_183713/MR_LU_en_IE00BH3X8559_YES_2022-01-31.pdf?apiKey=23b50ba8-4027-575e-4e64-ff7901687e74"
"140904","IE00BJMZC096","https://api.fundinfo.com/document/8145367fa1535aefd3f3d516b9c006b8_6299858/PR_SG_en_IE00BJMZC096_YES_2022-01-05.pdf?apiKey=b9934aa2-1a83-4286-b11b-c8415da9e581","https://api.fundinfo.com/document/bf5dd297128aef707dd169c6bf94f0e3_266243/MR_SG_en_IE00BJMZC096_YES_2021-12-31.pdf?apiKey=b9934aa2-1a83-4286-b11b-c8415da9e581"
