Security ID,Company Name,Symbol,Domin,Fund info,FS,PSP,Count=21,3858,Factsheet,,Prospectus
138025,UBS (Lux) Bond SICAV - Asian High Yield (USD) P-acc,LU0626906662,https://www.ubs.com/sg/en/asset-management/funds/funds-and-prices/product-overview.html,https://www.fundinfo.com/en/LU-priv/LandingPage?query=LU0626906662,3858,Factsheet,,,,,
138026,UBS (Lux) Equity Fund - China Opportunity (USD) P-acc,LU0067412154,https://www.ubs.com/sg/en/asset-management/funds/funds-and-prices/product-overview.html,https://www.fundinfo.com/en/LU-priv/LandingPage?query=LU0626906662,3858,Factsheet,,,,,
138027,UBS (Lux) Equity SICAV - All China (USD) P-acc,LU1807302812,https://www.ubs.com/sg/en/asset-management/funds/funds-and-prices/product-overview.html,https://www.fundinfo.com/en/LU-priv/LandingPage?query=LU0626906662,3858,Factsheet,,,,,
138114,UBS (Lux) Key Selection SICAV - China Allocation Opportunity (USD) (SGD hedged) P-6%-mdist,LU1226288097,https://www.ubs.com/sg/en/asset-management/funds/funds-and-prices/product-overview.html,https://www.fundinfo.com/en/LU-priv/LandingPage?query=LU0626906662,3858,Factsheet,,,,,
140782,UBS (LUX) EQUITY FUND - CHINA OPPORTUNITY (USD)(SGD) P-ACC,LU0880133367,https://www.ubs.com/sg/en/asset-management/funds/funds-and-prices/product-overview.html,https://www.fundinfo.com/en/LU-priv/LandingPage?query=LU0626906662,3858,Factsheet,,,,,
140783,UBS (Lux) Equity SICAV - All China (USD) (SGD) P-Acc,LU1993786604,https://www.ubs.com/sg/en/asset-management/funds/funds-and-prices/product-overview.html,https://www.fundinfo.com/en/LU-priv/LandingPage?query=LU1993786604,3858,Factsheet,,,,,
140968,UBS (LUX) EQUITY FUND - EM Sustainable Leaders P-ACC (USD),LU0106959298,https://www.ubs.com/sg/en/asset-management/funds/funds-and-prices/product-overview.html,https://www.fundinfo.com/en/LU-priv/LandingPage?query=LU1993786604,3858,Factsheet,,,,,
140992,UBS (LUX) KEY SELECTION SICAV- GLOBAL ALLOCATION B (USD),LU0197216392,https://www.ubs.com/no/en/asset-management/distribution-partners/funds-prices/funds.html,https://www.fundinfo.com/en/LU-priv/LandingPage?query=LU1993786604,3858,Factsheet,,,,,
141106,UBS (LUX) EQUITY FUND - EM Sustainable Leaders P-ACC (SGD),LU0443062806,https://www.ubs.com/no/en/asset-management/distribution-partners/funds-prices/funds.html,https://www.fundinfo.com/en/LU-priv/LandingPage?query=LU1993786604,3858,Factsheet,,,,,
141143,UBS (Lux) Bond SICAV - Asian High Yield (USD) P-Mdist,LU0626906746,https://www.ubs.com/sg/en/asset-management/funds/funds-and-prices/product-overview.html,https://www.fundinfo.com/en/LU-priv/LandingPage?query=LU1993786604,3858,Factsheet,,,,,
141144,UBS (Lux) Bond SICAV - Asian High Yield (USD)(SGD-H) P-Mdist,LU0626907124,https://www.ubs.com/lu/en/asset-management/distribution-partners/funds-prices/funds.html,https://www.fundinfo.com/en/LU-priv/LandingPage?query=LU1993786604,3858,Factsheet,,,,,
141145,UBS (Lux) Bond SICAV - Asian High Yield (USD)(EUR-H) P-Acc,LU0626907397,https://www.ubs.com/lu/en/asset-management/distribution-partners/funds-prices/funds.html,https://www.fundinfo.com/en/LU-priv/LandingPage?query=LU1993786604,3858,Factsheet,,,,,
141146,UBS (Lux) Bond SICAV - Asian High Yield (USD)(CHF-H) P-Acc,LU0626907470,https://www.ubs.com/lu/en/asset-management/distribution-partners/funds-prices/funds.html,https://www.fundinfo.com/en/LU-priv/LandingPage?query=LU1993786604,3858,Factsheet,,,,,
141161,UBS (Lux) Bond SICAV - Asian High Yield (USD) P-Dist,LU0725271786,https://www.ubs.com/lu/en/asset-management/distribution-partners/funds-prices/funds.html,https://www.fundinfo.com/en/LU-priv/LandingPage?query=LU1993786604,3858,Factsheet,,,,,
141282,UBS (LUX) EQUITY FUND - CHINA OPPORTUNITY (RMB-H) P-ACC,LU1115430461,https://www.ubs.com/lu/en/asset-management/distribution-partners/funds-prices/funds.html,https://www.fundinfo.com/en/LU-priv/LandingPage?query=LU1993786604,3858,Factsheet,,,,,
141300,UBS CHINA ALLOCATION OPP P-MDIST (SGD-H) CASH,LU1226287792,https://www.ubs.com/lu/en/asset-management/distribution-partners/funds-prices/funds.html,https://www.fundinfo.com/en/LU-priv/LandingPage?query=LU1993786604,3858,Factsheet,,,,,
141301,UBS CHINA ALLOCATION OPP P-MDIST (USD) CASH,LU1226287875,https://www.ubs.com/lu/en/asset-management/distribution-partners/funds-prices/funds.html,https://www.fundinfo.com/en/LU-priv/LandingPage?query=LU1993786604,3858,Factsheet,,,,,
141302,UBS CHINA ALLOCATION OPP P-6%-MDIST (RMB-H) CASH,LU1226287958,https://www.ubs.com/lu/en/asset-management/distribution-partners/funds-prices/funds.html,https://www.fundinfo.com/en/LU-priv/LandingPage?query=LU1993786604,3858,Factsheet,,,,,
141303,UBS CHINA ALLOCATION OPP P-6%-MDIST (USD) CASH,LU1226288253,https://www.ubs.com/lu/en/asset-management/distribution-partners/funds-prices/funds.html,https://www.fundinfo.com/en/LU-priv/LandingPage?query=LU1993786604,3858,Factsheet,,,,,
141304,UBS (LUX) EQUITY FUND - CHINA OPPORTUNITY (USD)(AUD-H) P-ACC,LU1227825731,https://www.ubs.com/lu/en/asset-management/distribution-partners/funds-prices/funds.html,https://www.fundinfo.com/en/LU-priv/LandingPage?query=LU1993786604,3858,Factsheet,,,,,
141315,UBS CHINA ALLOCATION OPP P-6%-MDIST (AUD-H) - CASH,LU1269690746,https://www.ubs.com/lu/en/asset-management/distribution-partners/funds-prices/funds.html,https://www.fundinfo.com/en/LU-priv/LandingPage?query=LU1993786604,3858,Factsheet,,,,,
138025,UBS (Lux) Bond SICAV - Asian High Yield (USD) P-acc,LU0626906662,https://www.ubs.com/sg/en/asset-management/statutory-documents.html,https://www.fundinfo.com/en/LU-priv/LandingPage?query=LU0626906662,3859,Prospectus,,,,,
138026,UBS (Lux) Equity Fund - China Opportunity (USD) P-acc,LU0067412154,https://www.ubs.com/sg/en/asset-management/statutory-documents.html,https://www.fundinfo.com/en/LU-priv/LandingPage?query=LU0626906662,3859,Prospectus,,,,,
138027,UBS (Lux) Equity SICAV - All China (USD) P-acc,LU1807302812,https://www.ubs.com/sg/en/asset-management/statutory-documents.html,https://www.fundinfo.com/en/LU-priv/LandingPage?query=LU0626906662,3859,Prospectus,,,,,
138114,UBS (Lux) Key Selection SICAV - China Allocation Opportunity (USD) (SGD hedged) P-6%-mdist,LU1226288097,https://www.ubs.com/sg/en/asset-management/statutory-documents.html,https://www.fundinfo.com/en/LU-priv/LandingPage?query=LU0626906662,3859,Prospectus,,,,,
140782,UBS (LUX) EQUITY FUND - CHINA OPPORTUNITY (USD)(SGD) P-ACC,LU0880133367,https://www.ubs.com/sg/en/asset-management/statutory-documents.html,https://www.fundinfo.com/en/LU-priv/LandingPage?query=LU0626906662,3859,Prospectus,,,,,
140783,UBS (Lux) Equity SICAV - All China (USD) (SGD) P-Acc,LU1993786604,https://www.ubs.com/sg/en/asset-management/statutory-documents.html,https://www.fundinfo.com/en/LU-priv/LandingPage?query=LU1993786604,3859,Prospectus,,,,,
140968,UBS (LUX) EQUITY FUND - EM Sustainable Leaders P-ACC (USD),LU0106959298,https://www.ubs.com/sg/en/asset-management/statutory-documents.html,https://www.fundinfo.com/en/LU-priv/LandingPage?query=LU1993786604,3859,Prospectus,,,,,
140992,UBS (LUX) KEY SELECTION SICAV- GLOBAL ALLOCATION B (USD),LU0197216392,https://www.ubs.com/no/en/asset-management/distribution-partners/funds-prices/funds.html,https://www.fundinfo.com/en/LU-priv/LandingPage?query=LU1993786604,3859,Prospectus,,,,,
141106,UBS (LUX) EQUITY FUND - EM Sustainable Leaders P-ACC (SGD),LU0443062806,https://www.ubs.com/no/en/asset-management/distribution-partners/funds-prices/funds.html,https://www.fundinfo.com/en/LU-priv/LandingPage?query=LU1993786604,3859,Prospectus,,,,,
141143,UBS (Lux) Bond SICAV - Asian High Yield (USD) P-Mdist,LU0626906746,https://www.ubs.com/sg/en/asset-management/statutory-documents.html,https://www.fundinfo.com/en/LU-priv/LandingPage?query=LU1993786604,3859,Prospectus,,,,,
141144,UBS (Lux) Bond SICAV - Asian High Yield (USD)(SGD-H) P-Mdist,LU0626907124,https://www.ubs.com/lu/en/asset-management/distribution-partners/funds-prices/funds.html,https://www.fundinfo.com/en/LU-priv/LandingPage?query=LU1993786604,3859,Prospectus,,,,,
141145,UBS (Lux) Bond SICAV - Asian High Yield (USD)(EUR-H) P-Acc,LU0626907397,https://www.ubs.com/lu/en/asset-management/distribution-partners/funds-prices/funds.html,https://www.fundinfo.com/en/LU-priv/LandingPage?query=LU1993786604,3859,Prospectus,,,,,
141146,UBS (Lux) Bond SICAV - Asian High Yield (USD)(CHF-H) P-Acc,LU0626907470,https://www.ubs.com/lu/en/asset-management/distribution-partners/funds-prices/funds.html,https://www.fundinfo.com/en/LU-priv/LandingPage?query=LU1993786604,3859,Prospectus,,,,,
141161,UBS (Lux) Bond SICAV - Asian High Yield (USD) P-Dist,LU0725271786,https://www.ubs.com/lu/en/asset-management/distribution-partners/funds-prices/funds.html,https://www.fundinfo.com/en/LU-priv/LandingPage?query=LU1993786604,3859,Prospectus,,,,,
141282,UBS (LUX) EQUITY FUND - CHINA OPPORTUNITY (RMB-H) P-ACC,LU1115430461,https://www.ubs.com/lu/en/asset-management/distribution-partners/funds-prices/funds.html,https://www.fundinfo.com/en/LU-priv/LandingPage?query=LU1993786604,3859,Prospectus,,,,,
141300,UBS CHINA ALLOCATION OPP P-MDIST (SGD-H) CASH,LU1226287792,https://www.ubs.com/lu/en/asset-management/distribution-partners/funds-prices/funds.html,https://www.fundinfo.com/en/LU-priv/LandingPage?query=LU1993786604,3859,Prospectus,,,,,
141301,UBS CHINA ALLOCATION OPP P-MDIST (USD) CASH,LU1226287875,https://www.ubs.com/lu/en/asset-management/distribution-partners/funds-prices/funds.html,https://www.fundinfo.com/en/LU-priv/LandingPage?query=LU1993786604,3859,Prospectus,,,,,
141302,UBS CHINA ALLOCATION OPP P-6%-MDIST (RMB-H) CASH,LU1226287958,https://www.ubs.com/lu/en/asset-management/distribution-partners/funds-prices/funds.html,https://www.fundinfo.com/en/LU-priv/LandingPage?query=LU1993786604,3859,Prospectus,,,,,
141303,UBS CHINA ALLOCATION OPP P-6%-MDIST (USD) CASH,LU1226288253,https://www.ubs.com/lu/en/asset-management/distribution-partners/funds-prices/funds.html,https://www.fundinfo.com/en/LU-priv/LandingPage?query=LU1993786604,3859,Prospectus,,,,,
141304,UBS (LUX) EQUITY FUND - CHINA OPPORTUNITY (USD)(AUD-H) P-ACC,LU1227825731,https://www.ubs.com/lu/en/asset-management/distribution-partners/funds-prices/funds.html,https://www.fundinfo.com/en/LU-priv/LandingPage?query=LU1993786604,3859,Prospectus,,,,,
141315,UBS CHINA ALLOCATION OPP P-6%-MDIST (AUD-H) - CASH,LU1269690746,https://www.ubs.com/lu/en/asset-management/distribution-partners/funds-prices/funds.html,https://www.fundinfo.com/en/LU-priv/LandingPage?query=LU1993786604,3859,Prospectus,,,,,