"master id","isin name","factsheet link","prospectus link"
"138025","LU0626906662","https://api.fundinfo.com/document/a96d1242c02c837b6606216b70c0a71d_238406/MR_LU_en_LU0626906662_YES_2021-12-31.pdf?apiKey=b9934aa2-1a83-4286-b11b-c8415da9e581","https://api.fundinfo.com/document/1831a148cf2857793be5b3e126d02148_1329637/PR_LU_en_LU0626906662_YES_2021-12-31.pdf?apiKey=b9934aa2-1a83-4286-b11b-c8415da9e581"
"138026","LU0067412154","https://api.fundinfo.com/document/8bede112805f693e0701313d966b13a7_248273/MR_LU_en_LU0067412154_YES_2021-12-31.pdf?apiKey=b9934aa2-1a83-4286-b11b-c8415da9e581","https://api.fundinfo.com/document/f0ee45710de8767bf61ae54e713c5349_964790/PR_LU_en_LU0067412154_YES_2021-12-01.pdf?apiKey=b9934aa2-1a83-4286-b11b-c8415da9e581"
"138027","LU1807302812","https://api.fundinfo.com/document/6a461f17bd299652754161094a49454b_238149/MR_LU_en_LU1807302812_YES_2021-12-31.pdf?apiKey=b9934aa2-1a83-4286-b11b-c8415da9e581","https://api.fundinfo.com/document/87aedf69d86e8d39896b91c3bf4f4778_1199250/PR_LU_en_LU1807302812_YES_2021-12-31.pdf?apiKey=b9934aa2-1a83-4286-b11b-c8415da9e581"
"138114","LU1226288097","https://api.fundinfo.com/document/d04277ceeb2764282e53f942696c7dfb_78786/MR_LU_en_LU1226288097_YES_2021-12-31.pdf?apiKey=b9934aa2-1a83-4286-b11b-c8415da9e581","https://api.fundinfo.com/document/744280d7e798cdbe01cedc2a67e0585c_1083220/PR_LU_en_LU1226288097_YES_2022-01-01.pdf?apiKey=b9934aa2-1a83-4286-b11b-c8415da9e581"
"140782","LU0880133367","https://api.fundinfo.com/document/8fe9ec21d126744599cbafa827d0f490_247963/MR_LU_en_LU0880133367_YES_2021-12-31.pdf?apiKey=b9934aa2-1a83-4286-b11b-c8415da9e581","https://api.fundinfo.com/document/f0ee45710de8767bf61ae54e713c5349_964790/PR_LU_en_LU0880133367_YES_2021-12-01.pdf?apiKey=b9934aa2-1a83-4286-b11b-c8415da9e581"
"140783","LU1993786604","https://api.fundinfo.com/document/f09d0274fd1f3b729c4de0c7b486649e_77306/MR_LU_en_LU1993786604_YES_2021-12-31.pdf?apiKey=b9934aa2-1a83-4286-b11b-c8415da9e581","https://api.fundinfo.com/document/87aedf69d86e8d39896b91c3bf4f4778_1199250/PR_LU_en_LU1993786604_YES_2021-12-31.pdf?apiKey=b9934aa2-1a83-4286-b11b-c8415da9e581"
"140968","LU0106959298","https://api.fundinfo.com/document/31e1f4b013c73b96a69c87b4618226d5_270457/MR_LU_en_LU0106959298_YES_2021-12-31.pdf?apiKey=b9934aa2-1a83-4286-b11b-c8415da9e581","https://api.fundinfo.com/document/f0ee45710de8767bf61ae54e713c5349_964790/PR_LU_en_LU0106959298_YES_2021-12-01.pdf?apiKey=b9934aa2-1a83-4286-b11b-c8415da9e581"
"140992","LU0197216392","https://api.fundinfo.com/document/160cc9defe3a2974fdf2f65865ab5b82_235486/MR_LU_en_LU0197216392_YES_2021-12-31.pdf?apiKey=b9934aa2-1a83-4286-b11b-c8415da9e581","https://api.fundinfo.com/document/744280d7e798cdbe01cedc2a67e0585c_1083220/PR_LU_en_LU0197216392_YES_2022-01-01.pdf?apiKey=b9934aa2-1a83-4286-b11b-c8415da9e581"
"141106","LU0443062806","https://api.fundinfo.com/document/63585cf12896e649ac011e6291a92d39_64692/MR_LU_en_LU0443062806_YES_2021-12-31.pdf?apiKey=b9934aa2-1a83-4286-b11b-c8415da9e581","https://api.fundinfo.com/document/f0ee45710de8767bf61ae54e713c5349_964790/PR_LU_en_LU0443062806_YES_2021-12-01.pdf?apiKey=b9934aa2-1a83-4286-b11b-c8415da9e581"
"141143","LU0626906746","https://api.fundinfo.com/document/2ad6a251de6099d592542fea29ad35e6_239842/MR_LU_en_LU0626906746_YES_2021-12-31.pdf?apiKey=b9934aa2-1a83-4286-b11b-c8415da9e581","https://api.fundinfo.com/document/1831a148cf2857793be5b3e126d02148_1329637/PR_LU_en_LU0626906746_YES_2021-12-31.pdf?apiKey=b9934aa2-1a83-4286-b11b-c8415da9e581"
"141144","LU0626907124","https://api.fundinfo.com/document/46a22dd48e9ce28d0b3a57a3b4f846b1_77266/MR_LU_en_LU0626907124_YES_2021-12-31.pdf?apiKey=b9934aa2-1a83-4286-b11b-c8415da9e581","https://api.fundinfo.com/document/1831a148cf2857793be5b3e126d02148_1329637/PR_LU_en_LU0626907124_YES_2021-12-31.pdf?apiKey=b9934aa2-1a83-4286-b11b-c8415da9e581"
"141145","LU0626907397","https://api.fundinfo.com/document/8f84f6cfd1a5353d8de6e98a5fc09d4b_79053/MR_LU_en_LU0626907397_YES_2021-12-31.pdf?apiKey=b9934aa2-1a83-4286-b11b-c8415da9e581","https://api.fundinfo.com/document/1831a148cf2857793be5b3e126d02148_1329637/PR_LU_en_LU0626907397_YES_2021-12-31.pdf?apiKey=b9934aa2-1a83-4286-b11b-c8415da9e581"
"141146","LU0626907470","https://api.fundinfo.com/document/6c5a4b609f8bb804a41774fe84e8c595_79356/MR_LU_en_LU0626907470_YES_2021-12-31.pdf?apiKey=b9934aa2-1a83-4286-b11b-c8415da9e581","https://api.fundinfo.com/document/1831a148cf2857793be5b3e126d02148_1329637/PR_LU_en_LU0626907470_YES_2021-12-31.pdf?apiKey=b9934aa2-1a83-4286-b11b-c8415da9e581"
"141161","LU0725271786","https://api.fundinfo.com/document/113a8c9bf9a1ecb8db1ce59ea183037c_238532/MR_LU_en_LU0725271786_YES_2021-12-31.pdf?apiKey=b9934aa2-1a83-4286-b11b-c8415da9e581","https://api.fundinfo.com/document/1831a148cf2857793be5b3e126d02148_1329637/PR_LU_en_LU0725271786_YES_2021-12-31.pdf?apiKey=b9934aa2-1a83-4286-b11b-c8415da9e581"
"141282","LU1115430461","https://api.fundinfo.com/document/eed6ad8a3a5a71dec23ab1406fd8d979_76158/MR_LU_en_LU1115430461_YES_2021-12-31.pdf?apiKey=b9934aa2-1a83-4286-b11b-c8415da9e581","https://api.fundinfo.com/document/f0ee45710de8767bf61ae54e713c5349_964790/PR_LU_en_LU1115430461_YES_2021-12-01.pdf?apiKey=b9934aa2-1a83-4286-b11b-c8415da9e581"
"141300","LU1226287792","https://api.fundinfo.com/document/214be3e99ed3d60c028aa5802bb91771_77785/MR_LU_en_LU1226287792_YES_2021-12-31.pdf?apiKey=b9934aa2-1a83-4286-b11b-c8415da9e581","https://api.fundinfo.com/document/744280d7e798cdbe01cedc2a67e0585c_1083220/PR_LU_en_LU1226287792_YES_2022-01-01.pdf?apiKey=b9934aa2-1a83-4286-b11b-c8415da9e581"
"141301","LU1226287875","https://api.fundinfo.com/document/b344e418670718f0e2cf233712d6b718_77458/MR_LU_en_LU1226287875_YES_2021-12-31.pdf?apiKey=b9934aa2-1a83-4286-b11b-c8415da9e581","https://api.fundinfo.com/document/744280d7e798cdbe01cedc2a67e0585c_1083220/PR_LU_en_LU1226287875_YES_2022-01-01.pdf?apiKey=b9934aa2-1a83-4286-b11b-c8415da9e581"
"141302","LU1226287958","https://api.fundinfo.com/document/1bf9e25da0b8433a0f01f627c9074ba8_250602/MR_LU_en_LU1226287958_YES_2021-12-31.pdf?apiKey=b9934aa2-1a83-4286-b11b-c8415da9e581","https://api.fundinfo.com/document/744280d7e798cdbe01cedc2a67e0585c_1083220/PR_LU_en_LU1226287958_YES_2022-01-01.pdf?apiKey=b9934aa2-1a83-4286-b11b-c8415da9e581"
"141303","LU1226288253","https://api.fundinfo.com/document/353d881fc512c0936181a0f31abcb38b_78691/MR_LU_en_LU1226288253_YES_2021-12-31.pdf?apiKey=b9934aa2-1a83-4286-b11b-c8415da9e581","https://api.fundinfo.com/document/744280d7e798cdbe01cedc2a67e0585c_1083220/PR_LU_en_LU1226288253_YES_2022-01-01.pdf?apiKey=b9934aa2-1a83-4286-b11b-c8415da9e581"
"141304","LU1227825731","https://api.fundinfo.com/document/6258a9493f32be35995bb3550e268c28_75585/MR_LU_en_LU1227825731_YES_2021-12-31.pdf?apiKey=b9934aa2-1a83-4286-b11b-c8415da9e581","https://api.fundinfo.com/document/f0ee45710de8767bf61ae54e713c5349_964790/PR_LU_en_LU1227825731_YES_2021-12-01.pdf?apiKey=b9934aa2-1a83-4286-b11b-c8415da9e581"
"141315","LU1269690746","https://api.fundinfo.com/document/411d82104387cd20094b8f3cc45ca2cc_78905/MR_LU_en_LU1269690746_YES_2021-12-31.pdf?apiKey=b9934aa2-1a83-4286-b11b-c8415da9e581","https://api.fundinfo.com/document/744280d7e798cdbe01cedc2a67e0585c_1083220/PR_LU_en_LU1269690746_YES_2022-01-01.pdf?apiKey=b9934aa2-1a83-4286-b11b-c8415da9e581"
