Security ID,Company Name,Symbol,domain,,114
137987,BlackRock Global Funds - Asian Tiger Bond Fund A6 GBP Hedged,LU1200839618,https://www.blackrock.com/sg/en,3858,Factsheet
137988,BlackRock Global Funds - China Bond Fund A2,LU0679940949,https://www.blackrock.com/sg/en,3858,Factsheet
137989,BlackRock Global Funds - Dynamic High Income Fund A2 USD,LU1564329032,https://www.blackrock.com/sg/en,3858,Factsheet
137990,BlackRock Global Funds - European Equity Income Fund A2,LU0562822386,https://www.blackrock.com/sg/en,3858,Factsheet
137991,BlackRock Global Funds - Global Allocation Fund A2,LU0072462426,https://www.blackrock.com/sg/en,3858,Factsheet
137992,BlackRock Global Funds - Global Multi-Asset Income Fund A2,LU0784385840,https://www.blackrock.com/sg/en,3858,Factsheet
137993,BlackRock Global Funds - US Dollar High Yield Bond Fund A2 USD,LU0046676465,https://www.blackrock.com/sg/en,3858,Factsheet
137994,BlackRock Global Funds - World Financials Fund A2,LU0106831901,https://www.blackrock.com/sg/en,3858,Factsheet
137995,BlackRock Global Funds - World Healthscience Fund A2,LU0122379950,https://www.blackrock.com/sg/en,3858,Factsheet
138039,BlackRock Global Funds - Asian Growth Leaders Fund A2 USD,LU0821914370,https://www.blackrock.com/sg/en,3858,Factsheet
138040,BlackRock Global Funds - Emerging Europe Fund A2,LU0011850392,https://www.blackrock.com/sg/en,3858,Factsheet
138041,BlackRock Global Funds - Emerging Markets Fund A2,LU0047713382,https://www.blackrock.com/sg/en,3858,Factsheet
138042,BlackRock Global Funds - Emerging Markets Local Currency Bond Fund A2,LU0278470058,https://www.blackrock.com/sg/en,3858,Factsheet
138043,BlackRock Global Funds - ESG Multi-Asset Fund A2 USD Hedged,LU0494093205,https://www.blackrock.com/sg/en,3858,Factsheet
138044,BlackRock Global Funds - Latin American Fund A2,LU0072463663,https://www.blackrock.com/sg/en,3858,Factsheet
138045,BlackRock Global Funds - Systematic Global SmallCap Fund A2,LU0054578231,https://www.blackrock.com/sg/en,3858,Factsheet
138046,BlackRock Global Funds - World Energy Fund A2,LU0122376428,https://www.blackrock.com/sg/en,3858,Factsheet
138047,BlackRock Global Funds - World Gold Fund A2,LU0055631609,https://www.blackrock.com/sg/en,3858,Factsheet
138048,BlackRock Global Funds - World Mining Fund A2,LU0075056555,https://www.blackrock.com/sg/en,3858,Factsheet
138122,BlackRock Global Funds - World Technology Fund A2,LU0056508442,https://www.blackrock.com/sg/en,3858,Factsheet
138123,BlackRock Global Funds - Global High Yield Bond Fund A2 USD,LU0171284937,https://www.blackrock.com/sg/en,3858,Factsheet
138125,BlackRock Global Funds - Asian Tiger Bond Fund A2 USD,LU0063729296,https://www.blackrock.com/sg/en,3858,Factsheet
138136,BlackRock Strategic Funds - Global Real Asset Securities Fund A2 USD,LU1669035997,https://www.blackrock.com/sg/en,3858,Factsheet
138145,BlackRock Global Funds - China Bond Fund A6 EUR Hedged,LU1847653224,https://www.blackrock.com/sg/en,3858,Factsheet
138156,BlackRock Global Funds - US Flexible Equity Fund A2,LU0154236417,https://www.blackrock.com/sg/en,3858,Factsheet
138159,BlackRock Global Funds - Global Long-Horizon Equity Fund A2,LU0011850046,https://www.blackrock.com/sg/en,3858,Factsheet
138160,BlackRock Global Funds - China Fund A2,LU0359201612,https://www.blackrock.com/sg/en,3858,Factsheet
138509,BlackRock Global - Global Allocation Fund (Hedged) ACC,LU0468326631,https://www.blackrock.com/sg/en,3858,Factsheet
138511,BGF-Global Multi Asset Income Fund (DIST),LU0784384876,https://www.blackrock.com/sg/en,3858,Factsheet
138512,BGF-Global Multi Asset Income Fund A6 EUR Hedged,LU1133085917,https://www.blackrock.com/sg/en,3858,Factsheet
138513,BGF Global Multi Asset Income Fund,LU1003077663,https://www.blackrock.com/sg/en,3858,Factsheet
138520,BGF Dynamic High Income Fund (MDIST),LU1564329115,https://www.blackrock.com/sg/en,3858,Factsheet
138521,BGF Dynamic High Income Fund (MDIST) Hedged- EUR,LU1706154686,https://www.blackrock.com/sg/en,3858,Factsheet
138522,BGF Dynamic High Income Fund (MDIST) Hedged- GBP,LU1733224965,https://www.blackrock.com/sg/en,3858,Factsheet
138523,BGF Dynamic High Income Fund (MDIST) Hedged AUD,LU1564329545,https://www.blackrock.com/sg/en,3858,Factsheet
138581,BGF Global High Yield Bond Fund (Dist),LU0764618640,https://www.blackrock.com/sg/en,3858,Factsheet
138582,BGF Global High Yield Bond Fund (Acc),LU0567554463,https://www.blackrock.com/sg/en,3858,Factsheet
138612,BGF Emerging Markets Local Currency Bond Fund (Dist),LU0278470132,https://www.blackrock.com/sg/en,3858,Factsheet
138613,BGF Emerging Markets Local Currency Bond Fund (Dist),LU1408528302,https://www.blackrock.com/sg/en,3858,Factsheet
138614,BGF Emerging Markets Local Currency Bond Fund (Dist),LU0278457469,https://www.blackrock.com/sg/en,3858,Factsheet
138615,BGF Emerging Markets Local Currency Bond Fund (Dist),LU1408528211,https://www.blackrock.com/sg/en,3858,Factsheet
138626,BGF Asian Tiger Bond Fund (Mdist),LU0172393414,https://www.blackrock.com/sg/en,3858,Factsheet
138627,BGF Asian Tiger Bond Fund (Mdist),LU0841166456,https://www.blackrock.com/sg/en,3858,Factsheet
138628,BGF Asian Tiger Bond Fund A6 (Mdist),LU0764618053,https://www.blackrock.com/sg/en,3858,Factsheet
138629,BGF Asian Tiger Bond Fund A2 (Hedged),LU1250980452,https://www.blackrock.com/sg/en,3858,Factsheet
138630,BGF China Bond A6 USD Hedged DIST,LU1847653141,https://www.blackrock.com/sg/en,3858,Factsheet
138631,BGF China Bond A2 USD ACC,LU0679941327,https://www.blackrock.com/sg/en,3858,Factsheet
138632,BGF China Bond A6 GBP Hedged DIST,LU2077746779,https://www.blackrock.com/sg/en,3858,Factsheet
138633,BGF China Bond Fund A3,LU0679941673,https://www.blackrock.com/sg/en,3858,Factsheet
138634,BlackRock - Global Dynamic Equity Fund,LU0238689110,https://www.blackrock.com/sg/en,3858,Factsheet
138654,BGF European Equity Income Fund A5 - Dist EUR,LU0561744862,https://www.blackrock.com/sg/en,3858,Factsheet
138655,BGF European Equity Income Fund A6 - Dist USD,LU1019632923,https://www.blackrock.com/sg/en,3858,Factsheet
138656,BGF European Equity Income Fund A5 - Dist USD,LU1003076772,https://www.blackrock.com/sg/en,3858,Factsheet
138657,BGF European Equity Income Fund A6 - Dist EUR,LU1051768569,https://www.blackrock.com/sg/en,3858,Factsheet
138658,BGF European Equity Income Fund A2 - Acc USD,LU1153584641,https://www.blackrock.com/sg/en,3858,Factsheet
138659,BGF European Equity Income Fund A2 ACC,LU2091194634,https://www.blackrock.com/sg/en,3858,Factsheet
138664,BGF Emerging Europe Fund,LU0171273575,https://www.blackrock.com/sg/en,3858,Factsheet
138669,BGF Latin American Fund,LU0171289738,https://www.blackrock.com/sg/en,3858,Factsheet
138673,BGF Asian Growth Leaders Fund EUR ACC (Hedged),LU1279613951,https://www.blackrock.com/ch/professionals/en,3858,Factsheet
138683,BlackRock Global - China Fund (ACC),LU0359201455,https://www.blackrock.com/ch/professionals/en,3858,Factsheet
138684,BlackRock Global - China Fund (DIST),LU0359201026,https://www.blackrock.com/ch/professionals/en,3858,Factsheet
138689,BlackRock Global Funds - China Fund (Hedged) ACC,LU1023057109,https://www.blackrock.com/hk/en,3858,Factsheet
138692,BGF World Financials Fund,LU0171304719,https://www.blackrock.com/hk/en,3858,Factsheet
138695,BGF World Healthscience Fund,LU0171307068,https://www.blackrock.com/hk/en,3858,Factsheet
138696,BGF World Healthscience Fund (Hedged) ACC,LU1023059063,https://www.blackrock.com/hk/en,3858,Factsheet
138697,BGF - World Gold Fund (Hedged) ACC,LU1023058768,https://www.blackrock.com/hk/en,3858,Factsheet
138698,BlackRock Global - World Energy Fund,LU0204068364,https://www.blackrock.com/hk/en,3858,Factsheet
138701,BGF - World Technology Fund,LU0171311680,https://www.blackrock.com/hk/en,3858,Factsheet
138702,BGF - World Technology Fund,LU0171310443,https://www.blackrock.com/hk/en,3858,Factsheet
138707,BlackRock Global Real Asset Securities Fund (Dist),LU2070343558,https://www.blackrock.com/ch/professionals/en,3858,Factsheet
138708,BlackRock Global Real Asset Securities Fund (Dist) EUR Hedged,LU2099546561,https://www.blackrock.com/ch/professionals/en,3858,Factsheet
140772,BGF Asian High Yield Bond Fund A2 (SGD-H) Acc,LU1564328810,https://www.blackrock.com/ch/professionals/en,3858,Factsheet
140773,BGF Asian High Yield Bond Fund A2 (USD) Acc,LU1564328067,https://www.blackrock.com/ch/professionals/en,3858,Factsheet
140774,BGF Asian High Yield Bond Fund A6 (USD),LU1564328141,https://www.blackrock.com/ch/professionals/en,3858,Factsheet
140775,BGF Asian High Yield Bond Fund A8 (AUD-H),LU1564328737,https://www.blackrock.com/ch/professionals/en,3858,Factsheet
140776,BGF Asian High Yield Bond Fund A8 (GBP-H),LU2125116330,https://www.blackrock.com/ch/professionals/en,3858,Factsheet
140928,BGF JAPAN SMALL & MIDCAP OPPORTUNITIES FUND A2 (USD),LU0006061252,https://www.blackrock.com/hk/en/en,3858,Factsheet
140929,BGF US SMALL & MIDCAP OPPORTUNITIES FUND A2 (USD),LU0006061336,https://www.blackrock.com/hk/en/en,3858,Factsheet
140931,BGF EUROPEAN FUND A2 (EUR),LU0011846440,https://www.blackrock.com/hk/en/en,3858,Factsheet
140957,BGF US BASIC VALUE FUND - A2 (USD),LU0072461881,https://www.blackrock.com/hk/en/en,3858,Factsheet
140975,BGF SUSTAINABLE ENERGY FUND A2 (USD),LU0124384867,https://www.blackrock.com/hk/en/en,3858,Factsheet
140983,BGF EMERGING MARKETS FUND A2 (EUR),LU0171275786,https://www.blackrock.com/hk/en/en,3858,Factsheet
140984,BGF EUROPEAN FUND A2 (USD),LU0171280430,https://www.blackrock.com/hk/en/en,3858,Factsheet
140985,BGF WORLD ENERGY FUND A2 (EUR),LU0171301533,https://www.blackrock.com/hk/en/en,3858,Factsheet
140986,BGF WORLD GOLD FUND A2 (EUR),LU0171305526,https://www.blackrock.com/hk/en/en,3858,Factsheet
140987,BGF WORLD MINING FUND CLASS A2 (EUR),LU0172157280,https://www.blackrock.com/hk/en/en,3858,Factsheet
141045,BGF GLOBAL CORPORATE BOND FUND A2 (USD) ACC,LU0297942194,https://www.blackrock.com/hk/en/en,3858,Factsheet
141046,BGF GLOBAL CORPORATE BOND FUND A2 ACC (EUR-H),LU0297942434,https://www.blackrock.com/hk/en/en,3858,Factsheet
141051,BGF GLOBAL ALLOCATION HA2 (SGD),LU0308772762,https://www.blackrock.com/hk/en/en,3858,Factsheet
141082,BGF WORLD MINING A2 (SGD-HEDGED),LU0330918003,https://www.blackrock.com/hk/en/en,3858,Factsheet
141089,BGF EMERGING MARKETS LOCAL CURR BOND FUND A2 ACC (SGD-H),LU0358998713,https://www.blackrock.com/hk/en/en,3858,Factsheet
141090,BGF EMERGING MARKETS LOCAL CURR BOND FUND A2 ACC (EUR-H),LU0359002093,https://www.blackrock.com/hk/en/en,3858,Factsheet
141094,BGF WORLD ENERGY A2 (SGD HEDGED),LU0368265418,https://www.blackrock.com/hk/en/en,3858,Factsheet
141095,BGF WORLD GOLD A2 (SGD HEDGED),LU0368265764,https://www.blackrock.com/hk/en/en,3858,Factsheet
141098,BGF NUTRITION FUND A2 (USD),LU0385154629,https://www.blackrock.com/hk/en/en,3858,Factsheet
141114,BGF NUTRITION FUND HEDGED A2 (EUR),LU0471298348,https://www.blackrock.com/hk/en/en,3858,Factsheet
141115,BGF NUTRITION FUND HEDGED A2 (SGD),LU0471298777,https://www.blackrock.com/hk/en/en,3858,Factsheet
141116,BGF ASIAN TIGER BOND FUND A3 (HKD-H) CASH DIV,LU0496654236,https://www.blackrock.com/hk/en/en,3858,Factsheet
141122,BGF EUROPEAN FUND A2 (USD-HEDGED),LU0526926950,https://www.blackrock.com/hk/en/en,3858,Factsheet
141126,BGF ASIAN TIGER BOND FUND A2 (SGD-H) ACC,LU0540000063,https://www.blackrock.com/hk/en/en,3858,Factsheet
141134,BGF USD High Yield Bond A2 (SGD-H) Acc,LU0578945809,https://www.blackrock.com/hk/en/en,3858,Factsheet
141142,BGF GLOBAL EQUITY INCOME HEDGED A5G (EUR),LU0625451512,https://www.blackrock.com/hk/en/en,3858,Factsheet
141167,BGF GLOBAL EQUITY INCOME A6 (USD),LU0738911758,https://www.blackrock.com/hk/en/en,3858,Factsheet
141168,BGF USD High Yield Bond A6 (USD) Cash,LU0738912566,https://www.blackrock.com/hk/en/en,3858,Factsheet
141176,BGF Global Multi-Asset Income A2 EUR-H ACC,LU0784383399,https://www.blackrock.com/hk/en/en,3858,Factsheet
141177,BGF ASIAN TIGER BOND FUND A6 (HKD-H) CASH DIV,LU0784395997,https://www.blackrock.com/hk/en/en,3858,Factsheet
141180,BGF GLOBAL CORPORATE BOND FUND A6 (USD) CASH DIV,LU0788109634,https://www.blackrock.com/hk/en/en,3858,Factsheet
141207,BGF ASIAN TIGER BOND FUND A8 (AUD-H) CASH DIV,LU0871639620,https://www.blackrock.com/hk/en/en,3858,Factsheet
141208,BGF GLOBAL CORPORATE BOND FUND A8 (AUD-H) CASH DIV,LU0871639976,https://www.blackrock.com/hk/en/en,3858,Factsheet
141209,BGF Global Multi-Asset Income A8 AUD Hedged Cash,LU0871640123,https://www.blackrock.com/hk/en/en,3858,Factsheet
141210,BGF USD High Yield Bond Fund A8 (AUD-H) Cash,LU0871640396,https://www.blackrock.com/hk/en/en,3858,Factsheet
141227,BGF Global Multi-Asset Income A8 NZD Hedged  Cash,LU0949170343,https://www.blackrock.com/hk/en/en,3858,Factsheet
141228,BGF Global Multi-Asset Income A6 SGD Hedged Cash,LU0949170426,https://www.blackrock.com/hk/en/en,3858,Factsheet
141229,BGF GLOBAL EQUITY INCOME HEDGED A8 (AUD),LU0949170699,https://www.blackrock.com/hk/en/en,3858,Factsheet
141230,BGF GLOBAL EQUITY INCOME HEDGED A6 (SGD),LU0949170772,https://www.blackrock.com/hk/en/en,3858,Factsheet
141236,BGF EUROPEAN FUND A2 (SGD-HEDGED),LU0963555726,https://www.blackrock.com/hk/en/en,3858,Factsheet
141258,BGF European Equity Income A6 (SGD-H) Cash Div,LU1019634622,https://www.blackrock.com/hk/en/en,3858,Factsheet
141259,BGF European Equity Income A8 (AUD-H) Cash Div,LU1019636163,https://www.blackrock.com/hk/en/en,3858,Factsheet
141270,BGF Asian Growth Leaders Fund A2 (SGD-H) Acc,LU1048596156,https://www.blackrock.com/hk/en/en,3858,Factsheet
141271,BGF EUROPEAN EQUITY INCOME A6 (HKD-H) CASH DIV,LU1051770623,https://www.blackrock.com/hk/en/en,3858,Factsheet
141272,BGF European Equity Income A6 (GBP-H) Cash Div,LU1051771274,https://www.blackrock.com/hk/en/en,3858,Factsheet
141273,BGF World Healthscience Fund A2 (SGD-H) Acc,LU1057294990,https://www.blackrock.com/hk/en/en,3858,Factsheet
141274,BGF WORLD HEALTHSCIENCE FUND A2 (HKD-H) ACC,LU1061106388,https://www.blackrock.com/hk/en/en,3858,Factsheet
141284,BGF Asian Growth Leaders Fund A2 (AUD-H) Acc,LU1121335696,https://www.blackrock.com/hk/en/en,3858,Factsheet
141288,BGF EMERGING MARKETS LOCAL CURR BOND FUND A8 (AUD-H) - CASH,LU1133072774,https://www.blackrock.com/hk/en/en,3858,Factsheet
141289,BGF ASIAN TIGER BOND FUND A6 (SGD-H) CASH DIV,LU1149717156,https://www.blackrock.com/hk/en/en,3858,Factsheet
141290,BGF GLOBAL CORPORATE BOND FUND A8 (NZD-H) CASH DIV,LU1149717313,https://www.blackrock.com/hk/en/en,3858,Factsheet
141294,BGF ASIAN TIGER BOND FUND A6 (EUR-H) CASH DIV,LU1200839535,https://www.blackrock.com/hk/en/en,3858,Factsheet
141295,BGF ASIAN TIGER BOND FUND A8 (NZD-H) CASH DIV,LU1200839709,https://www.blackrock.com/hk/en/en,3858,Factsheet
141296,BGF GLOBAL CORPORATE BOND FUND A8 (CNH-H) CASH DIV,LU1220227653,https://www.blackrock.com/hk/en/en,3858,Factsheet
141318,BGF USD High Yield Bond A6 (SGD-H) Cash,LU1314333441,https://www.blackrock.com/hk/en/en,3858,Factsheet
141332,BGF EMERGING MARKETS LOCAL CURR BOND FUND A6 (CAD-H) - CASH,LU1408528641,https://www.blackrock.com/hk/en/en,3858,Factsheet
141334,BGF GLOBAL CORPORATE BOND FUND A6 (SGD-H) CASH DIV,LU1435395121,https://www.blackrock.com/hk/en/en,3858,Factsheet
141349,BGF Dynamic High Income Fund A6 (SGD-H) - Cash,LU1564329461,https://www.blackrock.com/hk/en/en,3858,Factsheet
141350,BGF Dynamic High Income Fund A2 (SGD-H) ACC,LU1564329628,https://www.blackrock.com/hk/en/en,3858,Factsheet
141355,BGF WORLD FINANCIALS FUND A2 (SGD-H),LU1668664300,https://www.blackrock.com/hk/en/en,3858,Factsheet
141356,BGF EMERGING MARKETS LOCAL CURRENCY BOND FUND A6 MDIS (SGD-H) - CASH,LU1676225185,https://www.blackrock.com/hk/en/en,3858,Factsheet
141358,BGF DYNAMIC HIGH INCOME FUND A6 (HKD-H) - CASH,LU1697837992,https://www.blackrock.com/hk/en/en,3858,Factsheet
141363,BGF Dynamic High Income Fund A8 (CNH-H) - Cash,LU1733225004,https://www.blackrock.com/hk/en/en,3858,Factsheet
141373,BGF World Healthscience Fund A2 (EUR-H) Acc,LU1822774284,https://www.blackrock.com/hk/en/en,3858,Factsheet
141375,BGF China Bond Fund A6 (SGD-H) - Cash,LU1847653497,https://www.blackrock.com/hk/en/en,3858,Factsheet
141376,BGF China Bond Fund A6 (RMB) - Cash,LU1852330734,https://www.blackrock.com/hk/en/en,3858,Factsheet
141377,BGF China Bond Fund A6 (AUD-H) - Cash,LU1852331039,https://www.blackrock.com/hk/en/en,3858,Factsheet
141391,BGF Asian High Yield Bond Fund A8 (CNH-H) Cash,LU1919856309,https://www.blackrock.com/hk/en/en,3858,Factsheet
141394,BGF CHINA BOND FUND A6 (HKD-H) - CASH,LU1963769176,https://www.blackrock.com/hk/en/en,3858,Factsheet
141412,BGF Asian High Yield Bond Fund A8 (EUR-H) Cash,LU2125116413,https://www.blackrock.com/hk/en/en,3858,Factsheet
141413,BGF Asian High Yield Bond Fund A8 (HKD-H) Cash,LU2125116504,https://www.blackrock.com/hk/en/en,3858,Factsheet
141414,BGF Asian High Yield Bond Fund A8 (SGD-H) Cash,LU2127175417,https://www.blackrock.com/hk/en/en,3858,Factsheet
141417,BGF ASIAN TIGER BOND FUND A2 (HKD-H) ACC,LU2290525943,https://www.blackrock.com/hk/en/en,3858,Factsheet
,,,,,
137987,BlackRock Global Funds - Asian Tiger Bond Fund A6 GBP Hedged,LU1200839618,https://www.blackrock.com/sg/en,3859,Prospectus
137988,BlackRock Global Funds - China Bond Fund A2,LU0679940949,https://www.blackrock.com/sg/en,3859,Prospectus
137989,BlackRock Global Funds - Dynamic High Income Fund A2 USD,LU1564329032,https://www.blackrock.com/sg/en,3859,Prospectus
137990,BlackRock Global Funds - European Equity Income Fund A2,LU0562822386,https://www.blackrock.com/sg/en,3859,Prospectus
137991,BlackRock Global Funds - Global Allocation Fund A2,LU0072462426,https://www.blackrock.com/sg/en,3859,Prospectus
137992,BlackRock Global Funds - Global Multi-Asset Income Fund A2,LU0784385840,https://www.blackrock.com/sg/en,3859,Prospectus
137993,BlackRock Global Funds - US Dollar High Yield Bond Fund A2 USD,LU0046676465,https://www.blackrock.com/sg/en,3859,Prospectus
137994,BlackRock Global Funds - World Financials Fund A2,LU0106831901,https://www.blackrock.com/sg/en,3859,Prospectus
137995,BlackRock Global Funds - World Healthscience Fund A2,LU0122379950,https://www.blackrock.com/sg/en,3859,Prospectus
138039,BlackRock Global Funds - Asian Growth Leaders Fund A2 USD,LU0821914370,https://www.blackrock.com/sg/en,3859,Prospectus
138040,BlackRock Global Funds - Emerging Europe Fund A2,LU0011850392,https://www.blackrock.com/sg/en,3859,Prospectus
138041,BlackRock Global Funds - Emerging Markets Fund A2,LU0047713382,https://www.blackrock.com/sg/en,3859,Prospectus
138042,BlackRock Global Funds - Emerging Markets Local Currency Bond Fund A2,LU0278470058,https://www.blackrock.com/sg/en,3859,Prospectus
138043,BlackRock Global Funds - ESG Multi-Asset Fund A2 USD Hedged,LU0494093205,https://www.blackrock.com/sg/en,3859,Prospectus
138044,BlackRock Global Funds - Latin American Fund A2,LU0072463663,https://www.blackrock.com/sg/en,3859,Prospectus
138045,BlackRock Global Funds - Systematic Global SmallCap Fund A2,LU0054578231,https://www.blackrock.com/sg/en,3859,Prospectus
138046,BlackRock Global Funds - World Energy Fund A2,LU0122376428,https://www.blackrock.com/sg/en,3859,Prospectus
138047,BlackRock Global Funds - World Gold Fund A2,LU0055631609,https://www.blackrock.com/sg/en,3859,Prospectus
138048,BlackRock Global Funds - World Mining Fund A2,LU0075056555,https://www.blackrock.com/sg/en,3859,Prospectus
138122,BlackRock Global Funds - World Technology Fund A2,LU0056508442,https://www.blackrock.com/sg/en,3859,Prospectus
138123,BlackRock Global Funds - Global High Yield Bond Fund A2 USD,LU0171284937,https://www.blackrock.com/sg/en,3859,Prospectus
138125,BlackRock Global Funds - Asian Tiger Bond Fund A2 USD,LU0063729296,https://www.blackrock.com/sg/en,3859,Prospectus
138136,BlackRock Strategic Funds - Global Real Asset Securities Fund A2 USD,LU1669035997,https://www.blackrock.com/sg/en,3859,Prospectus
138145,BlackRock Global Funds - China Bond Fund A6 EUR Hedged,LU1847653224,https://www.blackrock.com/sg/en,3859,Prospectus
138156,BlackRock Global Funds - US Flexible Equity Fund A2,LU0154236417,https://www.blackrock.com/sg/en,3859,Prospectus
138159,BlackRock Global Funds - Global Long-Horizon Equity Fund A2,LU0011850046,https://www.blackrock.com/sg/en,3859,Prospectus
138160,BlackRock Global Funds - China Fund A2,LU0359201612,https://www.blackrock.com/sg/en,3859,Prospectus
138509,BlackRock Global - Global Allocation Fund (Hedged) ACC,LU0468326631,https://www.blackrock.com/sg/en,3859,Prospectus
138511,BGF-Global Multi Asset Income Fund (DIST),LU0784384876,https://www.blackrock.com/sg/en,3859,Prospectus
138512,BGF-Global Multi Asset Income Fund A6 EUR Hedged,LU1133085917,https://www.blackrock.com/sg/en,3859,Prospectus
138513,BGF Global Multi Asset Income Fund,LU1003077663,https://www.blackrock.com/sg/en,3859,Prospectus
138520,BGF Dynamic High Income Fund (MDIST),LU1564329115,https://www.blackrock.com/sg/en,3859,Prospectus
138521,BGF Dynamic High Income Fund (MDIST) Hedged- EUR,LU1706154686,https://www.blackrock.com/sg/en,3859,Prospectus
138522,BGF Dynamic High Income Fund (MDIST) Hedged- GBP,LU1733224965,https://www.blackrock.com/sg/en,3859,Prospectus
138523,BGF Dynamic High Income Fund (MDIST) Hedged AUD,LU1564329545,https://www.blackrock.com/sg/en,3859,Prospectus
138581,BGF Global High Yield Bond Fund (Dist),LU0764618640,https://www.blackrock.com/sg/en,3859,Prospectus
138582,BGF Global High Yield Bond Fund (Acc),LU0567554463,https://www.blackrock.com/sg/en,3859,Prospectus
138612,BGF Emerging Markets Local Currency Bond Fund (Dist),LU0278470132,https://www.blackrock.com/sg/en,3859,Prospectus
138613,BGF Emerging Markets Local Currency Bond Fund (Dist),LU1408528302,https://www.blackrock.com/sg/en,3859,Prospectus
138614,BGF Emerging Markets Local Currency Bond Fund (Dist),LU0278457469,https://www.blackrock.com/sg/en,3859,Prospectus
138615,BGF Emerging Markets Local Currency Bond Fund (Dist),LU1408528211,https://www.blackrock.com/sg/en,3859,Prospectus
138626,BGF Asian Tiger Bond Fund (Mdist),LU0172393414,https://www.blackrock.com/sg/en,3859,Prospectus
138627,BGF Asian Tiger Bond Fund (Mdist),LU0841166456,https://www.blackrock.com/sg/en,3859,Prospectus
138628,BGF Asian Tiger Bond Fund A6 (Mdist),LU0764618053,https://www.blackrock.com/sg/en,3859,Prospectus
138629,BGF Asian Tiger Bond Fund A2 (Hedged),LU1250980452,https://www.blackrock.com/sg/en,3859,Prospectus
138630,BGF China Bond A6 USD Hedged DIST,LU1847653141,https://www.blackrock.com/sg/en,3859,Prospectus
138631,BGF China Bond A2 USD ACC,LU0679941327,https://www.blackrock.com/sg/en,3859,Prospectus
138632,BGF China Bond A6 GBP Hedged DIST,LU2077746779,https://www.blackrock.com/sg/en,3859,Prospectus
138633,BGF China Bond Fund A3,LU0679941673,https://www.blackrock.com/sg/en,3859,Prospectus
138634,BlackRock - Global Dynamic Equity Fund,LU0238689110,https://www.blackrock.com/sg/en,3859,Prospectus
138654,BGF European Equity Income Fund A5 - Dist EUR,LU0561744862,https://www.blackrock.com/sg/en,3859,Prospectus
138655,BGF European Equity Income Fund A6 - Dist USD,LU1019632923,https://www.blackrock.com/sg/en,3859,Prospectus
138656,BGF European Equity Income Fund A5 - Dist USD,LU1003076772,https://www.blackrock.com/sg/en,3859,Prospectus
138657,BGF European Equity Income Fund A6 - Dist EUR,LU1051768569,https://www.blackrock.com/sg/en,3859,Prospectus
138658,BGF European Equity Income Fund A2 - Acc USD,LU1153584641,https://www.blackrock.com/sg/en,3859,Prospectus
138659,BGF European Equity Income Fund A2 ACC,LU2091194634,https://www.blackrock.com/sg/en,3859,Prospectus
138664,BGF Emerging Europe Fund,LU0171273575,https://www.blackrock.com/sg/en,3859,Prospectus
138669,BGF Latin American Fund,LU0171289738,https://www.blackrock.com/sg/en,3859,Prospectus
138673,BGF Asian Growth Leaders Fund EUR ACC (Hedged),LU1279613951,https://www.blackrock.com/ch/professionals/en,3859,Prospectus
138683,BlackRock Global - China Fund (ACC),LU0359201455,https://www.blackrock.com/ch/professionals/en,3859,Prospectus
138684,BlackRock Global - China Fund (DIST),LU0359201026,https://www.blackrock.com/ch/professionals/en,3859,Prospectus
138689,BlackRock Global Funds - China Fund (Hedged) ACC,LU1023057109,https://www.blackrock.com/hk/en,3859,Prospectus
138692,BGF World Financials Fund,LU0171304719,https://www.blackrock.com/hk/en,3859,Prospectus
138695,BGF World Healthscience Fund,LU0171307068,https://www.blackrock.com/hk/en,3859,Prospectus
138696,BGF World Healthscience Fund (Hedged) ACC,LU1023059063,https://www.blackrock.com/hk/en,3859,Prospectus
138697,BGF - World Gold Fund (Hedged) ACC,LU1023058768,https://www.blackrock.com/hk/en,3859,Prospectus
138698,BlackRock Global - World Energy Fund,LU0204068364,https://www.blackrock.com/hk/en,3859,Prospectus
138701,BGF - World Technology Fund,LU0171311680,https://www.blackrock.com/hk/en,3859,Prospectus
138702,BGF - World Technology Fund,LU0171310443,https://www.blackrock.com/hk/en,3859,Prospectus
138707,BlackRock Global Real Asset Securities Fund (Dist),LU2070343558,https://www.blackrock.com/ch,3859,Prospectus
138708,BlackRock Global Real Asset Securities Fund (Dist) EUR Hedged,LU2099546561,https://www.blackrock.com/ch/professionals/en,3859,Prospectus
140772,BGF Asian High Yield Bond Fund A2 (SGD-H) Acc,LU1564328810,https://www.blackrock.com/ch/professionals/en,3859,Prospectus
140773,BGF Asian High Yield Bond Fund A2 (USD) Acc,LU1564328067,https://www.blackrock.com/ch/professionals/en,3859,Prospectus
140774,BGF Asian High Yield Bond Fund A6 (USD),LU1564328141,https://www.blackrock.com/ch/professionals/en,3859,Prospectus
140775,BGF Asian High Yield Bond Fund A8 (AUD-H),LU1564328737,https://www.blackrock.com/ch/professionals/en,3859,Prospectus
140776,BGF Asian High Yield Bond Fund A8 (GBP-H),LU2125116330,https://www.blackrock.com/ch/professionals/en,3859,Prospectus
140928,BGF JAPAN SMALL & MIDCAP OPPORTUNITIES FUND A2 (USD),LU0006061252,https://www.blackrock.com/hk/en/en,3859,Prospectus
140929,BGF US SMALL & MIDCAP OPPORTUNITIES FUND A2 (USD),LU0006061336,https://www.blackrock.com/hk/en/en,3859,Prospectus
140931,BGF EUROPEAN FUND A2 (EUR),LU0011846440,https://www.blackrock.com/hk/en/en,3859,Prospectus
140957,BGF US BASIC VALUE FUND - A2 (USD),LU0072461881,https://www.blackrock.com/hk/en/en,3859,Prospectus
140975,BGF SUSTAINABLE ENERGY FUND A2 (USD),LU0124384867,https://www.blackrock.com/hk/en/en,3859,Prospectus
140983,BGF EMERGING MARKETS FUND A2 (EUR),LU0171275786,https://www.blackrock.com/hk/en/en,3859,Prospectus
140984,BGF EUROPEAN FUND A2 (USD),LU0171280430,https://www.blackrock.com/hk/en/en,3859,Prospectus
140985,BGF WORLD ENERGY FUND A2 (EUR),LU0171301533,https://www.blackrock.com/hk/en/en,3859,Prospectus
140986,BGF WORLD GOLD FUND A2 (EUR),LU0171305526,https://www.blackrock.com/hk/en/en,3859,Prospectus
140987,BGF WORLD MINING FUND CLASS A2 (EUR),LU0172157280,https://www.blackrock.com/hk/en/en,3859,Prospectus
141045,BGF GLOBAL CORPORATE BOND FUND A2 (USD) ACC,LU0297942194,https://www.blackrock.com/hk/en/en,3859,Prospectus
141046,BGF GLOBAL CORPORATE BOND FUND A2 ACC (EUR-H),LU0297942434,https://www.blackrock.com/hk/en/en,3859,Prospectus
141051,BGF GLOBAL ALLOCATION HA2 (SGD),LU0308772762,https://www.blackrock.com/hk/en/en,3859,Prospectus
141082,BGF WORLD MINING A2 (SGD-HEDGED),LU0330918003,https://www.blackrock.com/hk/en/en,3859,Prospectus
141089,BGF EMERGING MARKETS LOCAL CURR BOND FUND A2 ACC (SGD-H),LU0358998713,https://www.blackrock.com/hk/en/en,3859,Prospectus
141090,BGF EMERGING MARKETS LOCAL CURR BOND FUND A2 ACC (EUR-H),LU0359002093,https://www.blackrock.com/hk/en/en,3859,Prospectus
141094,BGF WORLD ENERGY A2 (SGD HEDGED),LU0368265418,https://www.blackrock.com/hk/en/en,3859,Prospectus
141095,BGF WORLD GOLD A2 (SGD HEDGED),LU0368265764,https://www.blackrock.com/hk/en/en,3859,Prospectus
141098,BGF NUTRITION FUND A2 (USD),LU0385154629,https://www.blackrock.com/hk/en/en,3859,Prospectus
141114,BGF NUTRITION FUND HEDGED A2 (EUR),LU0471298348,https://www.blackrock.com/hk/en/en,3859,Prospectus
141115,BGF NUTRITION FUND HEDGED A2 (SGD),LU0471298777,https://www.blackrock.com/hk/en/en,3859,Prospectus
141116,BGF ASIAN TIGER BOND FUND A3 (HKD-H) CASH DIV,LU0496654236,https://www.blackrock.com/hk/en/en,3859,Prospectus
141122,BGF EUROPEAN FUND A2 (USD-HEDGED),LU0526926950,https://www.blackrock.com/hk/en/en,3859,Prospectus
141126,BGF ASIAN TIGER BOND FUND A2 (SGD-H) ACC,LU0540000063,https://www.blackrock.com/hk/en/en,3859,Prospectus
141134,BGF USD High Yield Bond A2 (SGD-H) Acc,LU0578945809,https://www.blackrock.com/hk/en/en,3859,Prospectus
141142,BGF GLOBAL EQUITY INCOME HEDGED A5G (EUR),LU0625451512,https://www.blackrock.com/hk/en/en,3859,Prospectus
141167,BGF GLOBAL EQUITY INCOME A6 (USD),LU0738911758,https://www.blackrock.com/hk/en/en,3859,Prospectus
141168,BGF USD High Yield Bond A6 (USD) Cash,LU0738912566,https://www.blackrock.com/hk/en/en,3859,Prospectus
141176,BGF Global Multi-Asset Income A2 EUR-H ACC,LU0784383399,https://www.blackrock.com/hk/en/en,3859,Prospectus
141177,BGF ASIAN TIGER BOND FUND A6 (HKD-H) CASH DIV,LU0784395997,https://www.blackrock.com/hk/en/en,3859,Prospectus
141180,BGF GLOBAL CORPORATE BOND FUND A6 (USD) CASH DIV,LU0788109634,https://www.blackrock.com/hk/en/en,3859,Prospectus
141207,BGF ASIAN TIGER BOND FUND A8 (AUD-H) CASH DIV,LU0871639620,https://www.blackrock.com/hk/en/en,3859,Prospectus
141208,BGF GLOBAL CORPORATE BOND FUND A8 (AUD-H) CASH DIV,LU0871639976,https://www.blackrock.com/hk/en/en,3859,Prospectus
141209,BGF Global Multi-Asset Income A8 AUD Hedged Cash,LU0871640123,https://www.blackrock.com/hk/en/en,3859,Prospectus
141210,BGF USD High Yield Bond Fund A8 (AUD-H) Cash,LU0871640396,https://www.blackrock.com/hk/en/en,3859,Prospectus
141227,BGF Global Multi-Asset Income A8 NZD Hedged  Cash,LU0949170343,https://www.blackrock.com/hk/en/en,3859,Prospectus
141228,BGF Global Multi-Asset Income A6 SGD Hedged Cash,LU0949170426,https://www.blackrock.com/hk/en/en,3859,Prospectus
141229,BGF GLOBAL EQUITY INCOME HEDGED A8 (AUD),LU0949170699,https://www.blackrock.com/hk/en/en,3859,Prospectus
141230,BGF GLOBAL EQUITY INCOME HEDGED A6 (SGD),LU0949170772,https://www.blackrock.com/hk/en/en,3859,Prospectus
141236,BGF EUROPEAN FUND A2 (SGD-HEDGED),LU0963555726,https://www.blackrock.com/hk/en/en,3859,Prospectus
141258,BGF European Equity Income A6 (SGD-H) Cash Div,LU1019634622,https://www.blackrock.com/hk/en/en,3859,Prospectus
141259,BGF European Equity Income A8 (AUD-H) Cash Div,LU1019636163,https://www.blackrock.com/hk/en/en,3859,Prospectus
141270,BGF Asian Growth Leaders Fund A2 (SGD-H) Acc,LU1048596156,https://www.blackrock.com/hk/en/en,3859,Prospectus
141271,BGF EUROPEAN EQUITY INCOME A6 (HKD-H) CASH DIV,LU1051770623,https://www.blackrock.com/hk/en/en,3859,Prospectus
141272,BGF European Equity Income A6 (GBP-H) Cash Div,LU1051771274,https://www.blackrock.com/hk/en/en,3859,Prospectus
141273,BGF World Healthscience Fund A2 (SGD-H) Acc,LU1057294990,https://www.blackrock.com/hk/en/en,3859,Prospectus
141274,BGF WORLD HEALTHSCIENCE FUND A2 (HKD-H) ACC,LU1061106388,https://www.blackrock.com/hk/en/en,3859,Prospectus
141284,BGF Asian Growth Leaders Fund A2 (AUD-H) Acc,LU1121335696,https://www.blackrock.com/hk/en/en,3859,Prospectus
141288,BGF EMERGING MARKETS LOCAL CURR BOND FUND A8 (AUD-H) - CASH,LU1133072774,https://www.blackrock.com/hk/en/en,3859,Prospectus
141289,BGF ASIAN TIGER BOND FUND A6 (SGD-H) CASH DIV,LU1149717156,https://www.blackrock.com/hk/en/en,3859,Prospectus
141290,BGF GLOBAL CORPORATE BOND FUND A8 (NZD-H) CASH DIV,LU1149717313,https://www.blackrock.com/hk/en/en,3859,Prospectus
141294,BGF ASIAN TIGER BOND FUND A6 (EUR-H) CASH DIV,LU1200839535,https://www.blackrock.com/hk/en/en,3859,Prospectus
141295,BGF ASIAN TIGER BOND FUND A8 (NZD-H) CASH DIV,LU1200839709,https://www.blackrock.com/hk/en/en,3859,Prospectus
141296,BGF GLOBAL CORPORATE BOND FUND A8 (CNH-H) CASH DIV,LU1220227653,https://www.blackrock.com/hk/en/en,3859,Prospectus
141318,BGF USD High Yield Bond A6 (SGD-H) Cash,LU1314333441,https://www.blackrock.com/hk/en/en,3859,Prospectus
141332,BGF EMERGING MARKETS LOCAL CURR BOND FUND A6 (CAD-H) - CASH,LU1408528641,https://www.blackrock.com/hk/en/en,3859,Prospectus
141334,BGF GLOBAL CORPORATE BOND FUND A6 (SGD-H) CASH DIV,LU1435395121,https://www.blackrock.com/hk/en/en,3859,Prospectus
141349,BGF Dynamic High Income Fund A6 (SGD-H) - Cash,LU1564329461,https://www.blackrock.com/hk/en/en,3859,Prospectus
141350,BGF Dynamic High Income Fund A2 (SGD-H) ACC,LU1564329628,https://www.blackrock.com/hk/en/en,3859,Prospectus
141355,BGF WORLD FINANCIALS FUND A2 (SGD-H),LU1668664300,https://www.blackrock.com/hk/en/en,3859,Prospectus
141356,BGF EMERGING MARKETS LOCAL CURRENCY BOND FUND A6 MDIS (SGD-H) - CASH,LU1676225185,https://www.blackrock.com/hk/en/en,3859,Prospectus
141358,BGF DYNAMIC HIGH INCOME FUND A6 (HKD-H) - CASH,LU1697837992,https://www.blackrock.com/hk/en/en,3859,Prospectus
141363,BGF Dynamic High Income Fund A8 (CNH-H) - Cash,LU1733225004,https://www.blackrock.com/hk/en/en,3859,Prospectus
141373,BGF World Healthscience Fund A2 (EUR-H) Acc,LU1822774284,https://www.blackrock.com/hk/en/en,3859,Prospectus
141375,BGF China Bond Fund A6 (SGD-H) - Cash,LU1847653497,https://www.blackrock.com/hk/en/en,3859,Prospectus
141376,BGF China Bond Fund A6 (RMB) - Cash,LU1852330734,https://www.blackrock.com/hk/en/en,3859,Prospectus
141377,BGF China Bond Fund A6 (AUD-H) - Cash,LU1852331039,https://www.blackrock.com/hk/en/en,3859,Prospectus
141391,BGF Asian High Yield Bond Fund A8 (CNH-H) Cash,LU1919856309,https://www.blackrock.com/hk/en/en,3859,Prospectus
141394,BGF CHINA BOND FUND A6 (HKD-H) - CASH,LU1963769176,https://www.blackrock.com/hk/en/en,3859,Prospectus
141412,BGF Asian High Yield Bond Fund A8 (EUR-H) Cash,LU2125116413,https://www.blackrock.com/hk/en/en,3859,Prospectus
141413,BGF Asian High Yield Bond Fund A8 (HKD-H) Cash,LU2125116504,https://www.blackrock.com/hk/en/en,3859,Prospectus
141414,BGF Asian High Yield Bond Fund A8 (SGD-H) Cash,LU2127175417,https://www.blackrock.com/hk/en/en,3859,Prospectus
141417,BGF ASIAN TIGER BOND FUND A2 (HKD-H) ACC,LU2290525943,https://www.blackrock.com/hk/en/en,3859,Prospectus
