"isin name","master_id","factsheet_link","prospectus_link"
"LU1023057109","138689","https://www.blackrock.com/hk/en/literature/fact-sheet/bgf-china-fund-class-a2-hedged-aud-factsheet-lu1023057109-hk-en-retail.pdf","https://www.blackrock.com/hk/en/literature/prospectus/bgf-prospectus-hk-en.pdf"
"LU0171304719","138692","https://www.blackrock.com/hk/en/literature/fact-sheet/bgf-world-financials-fund-class-a2-eur-factsheet-lu0171304719-hk-en-retail.pdf","https://www.blackrock.com/hk/en/literature/prospectus/bgf-prospectus-hk-en.pdf"
"LU0171307068","138695","https://www.blackrock.com/hk/en/literature/fact-sheet/bgf-world-healthscience-fund-class-a2-eur-factsheet-lu0171307068-hk-en-retail.pdf","https://www.blackrock.com/hk/en/literature/prospectus/bgf-prospectus-hk-en.pdf"
"LU1023059063","138696","https://www.blackrock.com/hk/en/literature/fact-sheet/bgf-world-healthscience-fund-class-a2-hedged-aud-factsheet-lu1023059063-hk-en-retail.pdf","https://www.blackrock.com/hk/en/literature/prospectus/bgf-prospectus-hk-en.pdf"
"LU1023058768","138697","https://www.blackrock.com/hk/en/literature/fact-sheet/bgf-world-gold-fund-class-a2-hedged-aud-factsheet-lu1023058768-hk-en-retail.pdf","https://www.blackrock.com/hk/en/literature/prospectus/bgf-prospectus-hk-en.pdf"
"LU0204068364","138698","https://www.blackrock.com/hk/en/literature/fact-sheet/bgf-world-energy-fund-class-a4-gbp-factsheet-lu0204068364-hk-en-retail.pdf","https://www.blackrock.com/hk/en/literature/prospectus/bgf-prospectus-hk-en.pdf"
"LU0171311680","138701","https://www.blackrock.com/hk/en/literature/fact-sheet/bgf-world-technology-fund-class-a2-gbp-factsheet-lu0171311680-hk-en-retail.pdf","https://www.blackrock.com/hk/en/literature/prospectus/bgf-prospectus-hk-en.pdf"
"LU0171310443","138702","https://www.blackrock.com/hk/en/literature/fact-sheet/bgf-world-technology-fund-class-a2-eur-factsheet-lu0171310443-hk-en-retail.pdf","https://www.blackrock.com/hk/en/literature/prospectus/bgf-prospectus-hk-en.pdf"
"LU1200839618","137987","https://www.blackrock.com/sg/en/literature/fact-sheet/bgf-asian-tiger-bond-fund-class-a6-hedged-gbp-factsheet-lu1200839618-sg-en-retail.pdf","https://www.blackrock.com/sg/en/literature/prospectus/bgf-singapore-prospectus-sg.pdf"
"LU0679940949","137988","https://www.blackrock.com/sg/en/literature/fact-sheet/bgf-china-bond-fund-class-a2-cnh-factsheet-lu0679940949-sg-en-retail.pdf","https://www.blackrock.com/sg/en/literature/prospectus/bgf-singapore-prospectus-sg.pdf"
"LU1564329032","137989","https://www.blackrock.com/sg/en/literature/fact-sheet/bgf-dynamic-high-income-fund-class-a2-usd-factsheet-lu1564329032-sg-en-retail.pdf","https://www.blackrock.com/sg/en/literature/prospectus/bgf-singapore-prospectus-sg.pdf"
"LU0562822386","137990","https://www.blackrock.com/sg/en/literature/fact-sheet/bgf-european-equity-income-fund-class-a2-eur-factsheet-lu0562822386-sg-en-retail.pdf","https://www.blackrock.com/sg/en/literature/prospectus/bgf-singapore-prospectus-sg.pdf"
"LU0072462426","137991","https://www.blackrock.com/sg/en/literature/fact-sheet/bgf-global-allocation-fund-class-a2-usd-factsheet-lu0072462426-sg-en-retail.pdf","https://www.blackrock.com/sg/en/literature/prospectus/bgf-singapore-prospectus-sg.pdf"
"LU0784385840","137992","https://www.blackrock.com/sg/en/literature/fact-sheet/bgf-global-multi-asset-income-fund-class-a2-usd-factsheet-lu0784385840-sg-en-retail.pdf","https://www.blackrock.com/sg/en/literature/prospectus/bgf-singapore-prospectus-sg.pdf"
"LU0046676465","137993","https://www.blackrock.com/sg/en/literature/fact-sheet/bgf-us-dollar-high-yield-bond-fund-class-a2-usd-factsheet-lu0046676465-sg-en-retail.pdf","https://www.blackrock.com/sg/en/literature/prospectus/bgf-singapore-prospectus-sg.pdf"
"LU0106831901","137994","https://www.blackrock.com/sg/en/literature/fact-sheet/bgf-world-financials-fund-class-a2-usd-factsheet-lu0106831901-sg-en-retail.pdf","https://www.blackrock.com/sg/en/literature/prospectus/bgf-singapore-prospectus-sg.pdf"
"LU0122379950","137995","https://www.blackrock.com/sg/en/literature/fact-sheet/bgf-world-healthscience-fund-class-a2-usd-factsheet-lu0122379950-sg-en-retail.pdf","https://www.blackrock.com/sg/en/literature/prospectus/bgf-singapore-prospectus-sg.pdf"
"LU0821914370","138039","https://www.blackrock.com/sg/en/literature/fact-sheet/bgf-asian-growth-leaders-fund-class-a2-usd-factsheet-lu0821914370-sg-en-retail.pdf","https://www.blackrock.com/sg/en/literature/prospectus/bgf-singapore-prospectus-sg.pdf"
"LU0011850392","138040","https://www.blackrock.com/sg/en/literature/fact-sheet/bgf-emerging-europe-fund-class-a2-eur-factsheet-lu0011850392-sg-en-retail.pdf","https://www.blackrock.com/sg/en/literature/prospectus/bgf-singapore-prospectus-sg.pdf"
"LU0047713382","138041","https://www.blackrock.com/sg/en/literature/fact-sheet/bgf-emerging-markets-fund-class-a2-usd-factsheet-lu0047713382-sg-en-retail.pdf","https://www.blackrock.com/sg/en/literature/prospectus/bgf-singapore-prospectus-sg.pdf"
"LU0278470058","138042","https://www.blackrock.com/sg/en/literature/fact-sheet/bgf-emerging-markets-local-currency-bond-fund-class-a2-usd-factsheet-lu0278470058-sg-en-retail.pdf","https://www.blackrock.com/sg/en/literature/prospectus/bgf-singapore-prospectus-sg.pdf"
"LU0494093205","138043","https://www.blackrock.com/sg/en/literature/fact-sheet/esg-multi-asset-fund-class-a2-hedged-usd-factsheet-lu0494093205-sg-en-retail.pdf","https://www.blackrock.com/sg/en/literature/prospectus/bgf-singapore-prospectus-sg.pdf"
"LU0072463663","138044","https://www.blackrock.com/sg/en/literature/fact-sheet/bgf-latin-american-fund-class-a2-usd-factsheet-lu0072463663-sg-en-retail.pdf","https://www.blackrock.com/sg/en/literature/prospectus/bgf-singapore-prospectus-sg.pdf"
"LU0054578231","138045","https://www.blackrock.com/sg/en/literature/fact-sheet/bgf-systematic-global-smallcap-fund-class-a2-usd-factsheet-lu0054578231-sg-en-retail.pdf","https://www.blackrock.com/sg/en/literature/prospectus/bgf-singapore-prospectus-sg.pdf"
"LU0122376428","138046","https://www.blackrock.com/sg/en/literature/fact-sheet/bgf-world-energy-fund-class-a2-usd-factsheet-lu0122376428-sg-en-retail.pdf","https://www.blackrock.com/sg/en/literature/prospectus/bgf-singapore-prospectus-sg.pdf"
"LU0055631609","138047","https://www.blackrock.com/sg/en/literature/fact-sheet/bgf-world-gold-fund-class-a2-usd-factsheet-lu0055631609-sg-en-retail.pdf","https://www.blackrock.com/sg/en/literature/prospectus/bgf-singapore-prospectus-sg.pdf"
"LU0075056555","138048","https://www.blackrock.com/sg/en/literature/fact-sheet/bgf-world-mining-fund-class-a2-usd-factsheet-lu0075056555-sg-en-retail.pdf","https://www.blackrock.com/sg/en/literature/prospectus/bgf-singapore-prospectus-sg.pdf"
"LU0056508442","138122","https://www.blackrock.com/sg/en/literature/fact-sheet/bgf-world-technology-fund-class-a2-usd-factsheet-lu0056508442-sg-en-retail.pdf","https://www.blackrock.com/sg/en/literature/prospectus/bgf-singapore-prospectus-sg.pdf"
"LU0171284937","138123","https://www.blackrock.com/sg/en/literature/fact-sheet/bgf-global-high-yield-bond-fund-class-a2-usd-factsheet-lu0171284937-sg-en-retail.pdf","https://www.blackrock.com/sg/en/literature/prospectus/bgf-singapore-prospectus-sg.pdf"
"LU0063729296","138125","https://www.blackrock.com/sg/en/literature/fact-sheet/bgf-asian-tiger-bond-fund-class-a2-usd-factsheet-lu0063729296-sg-en-retail.pdf","https://www.blackrock.com/sg/en/literature/prospectus/bgf-singapore-prospectus-sg.pdf"
"LU1669035997","138136","https://www.blackrock.com/sg/en/literature/fact-sheet/bsf-global-real-asset-securities-fund-class-a2-usd-factsheet-lu1669035997-sg-en-retail.pdf","https://www.blackrock.com/sg/en/literature/prospectus/bsf-prospectus-sg.pdf"
"LU1847653224","138145","https://www.blackrock.com/sg/en/literature/fact-sheet/bgf-china-bond-fund-class-a6-hedged-eur-factsheet-lu1847653224-sg-en-retail.pdf","https://www.blackrock.com/sg/en/literature/prospectus/bgf-singapore-prospectus-sg.pdf"
"LU0154236417","138156","https://www.blackrock.com/sg/en/literature/fact-sheet/bgf-us-flexible-equity-fund-class-a2-usd-factsheet-lu0154236417-sg-en-retail.pdf","https://www.blackrock.com/sg/en/literature/prospectus/bgf-singapore-prospectus-sg.pdf"
"LU0011850046","138159","https://www.blackrock.com/sg/en/literature/fact-sheet/bgf-global-long-horizon-equity-fund-class-a2-usd-factsheet-lu0011850046-sg-en-retail.pdf","https://www.blackrock.com/sg/en/literature/prospectus/bgf-singapore-prospectus-sg.pdf"
"LU0359201612","138160","https://www.blackrock.com/sg/en/literature/fact-sheet/bgf-china-fund-class-a2-usd-factsheet-lu0359201612-sg-en-retail.pdf","https://www.blackrock.com/sg/en/literature/prospectus/bgf-singapore-prospectus-sg.pdf"
"LU0468326631","138509","https://www.blackrock.com/sg/en/literature/fact-sheet/bgf-global-allocation-fund-class-a2-hedged-aud-factsheet-lu0468326631-sg-en-retail.pdf","https://www.blackrock.com/sg/en/literature/prospectus/bgf-singapore-prospectus-sg.pdf"
"LU0784384876","138511","https://www.blackrock.com/sg/en/literature/fact-sheet/bgf-global-multi-asset-income-fund-class-a6-usd-factsheet-lu0784384876-sg-en-retail.pdf","https://www.blackrock.com/sg/en/literature/prospectus/bgf-singapore-prospectus-sg.pdf"
"LU1133085917","138512","https://www.blackrock.com/sg/en/literature/fact-sheet/bgf-global-multi-asset-income-fund-class-a6-hedged-eur-factsheet-lu1133085917-sg-en-retail.pdf","https://www.blackrock.com/sg/en/literature/prospectus/bgf-singapore-prospectus-sg.pdf"
"LU1003077663","138513","https://www.blackrock.com/sg/en/literature/fact-sheet/bgf-global-multi-asset-income-fund-class-a8-hedged-gbp-factsheet-lu1003077663-sg-en-retail.pdf","https://www.blackrock.com/sg/en/literature/prospectus/bgf-singapore-prospectus-sg.pdf"
"LU1564329115","138520","https://www.blackrock.com/sg/en/literature/fact-sheet/bgf-dynamic-high-income-fund-class-a6-usd-factsheet-lu1564329115-sg-en-retail.pdf","https://www.blackrock.com/sg/en/literature/prospectus/bgf-singapore-prospectus-sg.pdf"
"LU1706154686","138521","https://www.blackrock.com/sg/en/literature/fact-sheet/bgf-dynamic-high-income-fund-class-a6-hedged-eur-factsheet-lu1706154686-sg-en-retail.pdf","https://www.blackrock.com/sg/en/literature/prospectus/bgf-singapore-prospectus-sg.pdf"
"LU1733224965","138522","https://www.blackrock.com/sg/en/literature/fact-sheet/bgf-dynamic-high-income-fund-class-a6-hedged-gbp-factsheet-lu1733224965-sg-en-retail.pdf","https://www.blackrock.com/sg/en/literature/prospectus/bgf-singapore-prospectus-sg.pdf"
"LU1564329545","138523","https://www.blackrock.com/sg/en/literature/fact-sheet/bgf-dynamic-high-income-fund-class-a8-hedged-aud-factsheet-lu1564329545-sg-en-retail.pdf","https://www.blackrock.com/sg/en/literature/prospectus/bgf-singapore-prospectus-sg.pdf"
"LU0764618640","138581","https://www.blackrock.com/sg/en/literature/fact-sheet/bgf-global-high-yield-bond-fund-class-a6-usd-factsheet-lu0764618640-sg-en-retail.pdf","https://www.blackrock.com/sg/en/literature/prospectus/bgf-singapore-prospectus-sg.pdf"
"LU0567554463","138582","https://www.blackrock.com/sg/en/literature/fact-sheet/bgf-global-high-yield-bond-fund-class-a2-hedged-gbp-factsheet-lu0567554463-sg-en-retail.pdf","https://www.blackrock.com/sg/en/literature/prospectus/bgf-singapore-prospectus-sg.pdf"
"LU0278470132","138612","https://www.blackrock.com/sg/en/literature/fact-sheet/bgf-emerging-markets-local-currency-bond-fund-class-a3-usd-factsheet-lu0278470132-sg-en-retail.pdf","https://www.blackrock.com/sg/en/literature/prospectus/bgf-singapore-prospectus-sg.pdf"
"LU1408528302","138613","https://www.blackrock.com/sg/en/literature/fact-sheet/bgf-emerging-markets-local-currency-bond-fund-class-a6-hedged-gbp-factsheet-lu1408528302-sg-en-retail.pdf","https://www.blackrock.com/sg/en/literature/prospectus/bgf-singapore-prospectus-sg.pdf"
"LU0278457469","138614","https://www.blackrock.com/sg/en/literature/fact-sheet/bgf-emerging-markets-local-currency-bond-fund-class-a3-eur-factsheet-lu0278457469-sg-en-retail.pdf","https://www.blackrock.com/sg/en/literature/prospectus/bgf-singapore-prospectus-sg.pdf"
"LU1408528211","138615","https://www.blackrock.com/sg/en/literature/fact-sheet/bgf-emerging-markets-local-currency-bond-fund-class-a6-usd-factsheet-lu1408528211-sg-en-retail.pdf","https://www.blackrock.com/sg/en/literature/prospectus/bgf-singapore-prospectus-sg.pdf"
"LU0172393414","138626","https://www.blackrock.com/sg/en/literature/fact-sheet/bgf-asian-tiger-bond-fund-class-a3-usd-factsheet-lu0172393414-sg-en-retail.pdf","https://www.blackrock.com/sg/en/literature/prospectus/bgf-singapore-prospectus-sg.pdf"
"LU0841166456","138627","https://www.blackrock.com/sg/en/literature/fact-sheet/bgf-asian-tiger-bond-fund-class-a3-hedged-eur-factsheet-lu0841166456-sg-en-retail.pdf","https://www.blackrock.com/sg/en/literature/prospectus/bgf-singapore-prospectus-sg.pdf"
"LU0764618053","138628","https://www.blackrock.com/sg/en/literature/fact-sheet/bgf-asian-tiger-bond-fund-class-a6-usd-factsheet-lu0764618053-sg-en-retail.pdf","https://www.blackrock.com/sg/en/literature/prospectus/bgf-singapore-prospectus-sg.pdf"
"LU1250980452","138629","https://www.blackrock.com/sg/en/literature/fact-sheet/bgf-asian-tiger-bond-fund-class-a2-hedged-eur-factsheet-lu1250980452-sg-en-retail.pdf","https://www.blackrock.com/sg/en/literature/prospectus/bgf-singapore-prospectus-sg.pdf"
"LU1847653141","138630","https://www.blackrock.com/sg/en/literature/fact-sheet/bgf-china-bond-fund-class-a6-hedged-usd-factsheet-lu1847653141-sg-en-retail.pdf","https://www.blackrock.com/sg/en/literature/prospectus/bgf-singapore-prospectus-sg.pdf"
"LU0679941327","138631","https://www.blackrock.com/sg/en/literature/fact-sheet/bgf-china-bond-fund-class-a2-usd-factsheet-lu0679941327-sg-en-retail.pdf","https://www.blackrock.com/sg/en/literature/prospectus/bgf-singapore-prospectus-sg.pdf"
"LU2077746779","138632","https://www.blackrock.com/sg/en/literature/fact-sheet/bgf-china-bond-fund-class-a6-hedged-gbp-factsheet-lu2077746779-sg-en-retail.pdf","https://www.blackrock.com/sg/en/literature/prospectus/bgf-singapore-prospectus-sg.pdf"
"LU0679941673","138633","https://www.blackrock.com/sg/en/literature/fact-sheet/bgf-china-bond-fund-class-a3-usd-factsheet-lu0679941673-sg-en-retail.pdf","https://www.blackrock.com/sg/en/literature/prospectus/bgf-singapore-prospectus-sg.pdf"
"LU0238689110","138634","https://www.blackrock.com/sg/en/literature/fact-sheet/bgf-global-dynamic-equity-fund-class-a2-usd-factsheet-lu0238689110-sg-en-retail.pdf","https://www.blackrock.com/sg/en/literature/prospectus/bgf-singapore-prospectus-sg.pdf"
"LU0561744862","138654","https://www.blackrock.com/sg/en/literature/fact-sheet/bgf-european-equity-income-fund-class-a5g-eur-factsheet-lu0561744862-sg-en-retail.pdf","https://www.blackrock.com/sg/en/literature/prospectus/bgf-singapore-prospectus-sg.pdf"
"LU1019632923","138655","https://www.blackrock.com/sg/en/literature/fact-sheet/bgf-european-equity-income-fund-class-a6-hedged-usd-factsheet-lu1019632923-sg-en-retail.pdf","https://www.blackrock.com/sg/en/literature/prospectus/bgf-singapore-prospectus-sg.pdf"
"LU1003076772","138656","https://www.blackrock.com/sg/en/literature/fact-sheet/bgf-european-equity-income-fund-class-a5g-hedged-usd-factsheet-lu1003076772-sg-en-retail.pdf","https://www.blackrock.com/sg/en/literature/prospectus/bgf-singapore-prospectus-sg.pdf"
"LU1051768569","138657","https://www.blackrock.com/sg/en/literature/fact-sheet/bgf-european-equity-income-fund-class-a6-eur-factsheet-lu1051768569-sg-en-retail.pdf","https://www.blackrock.com/sg/en/literature/prospectus/bgf-singapore-prospectus-sg.pdf"
"LU1153584641","138658","https://www.blackrock.com/sg/en/literature/fact-sheet/bgf-european-equity-income-fund-class-a2-hedged-usd-factsheet-lu1153584641-sg-en-retail.pdf","https://www.blackrock.com/sg/en/literature/prospectus/bgf-singapore-prospectus-sg.pdf"
"LU2091194634","138659","https://www.blackrock.com/sg/en/literature/fact-sheet/bgf-european-equity-income-fund-class-a2-usd-factsheet-lu2091194634-sg-en-retail.pdf","https://www.blackrock.com/sg/en/literature/prospectus/bgf-singapore-prospectus-sg.pdf"
"LU0171273575","138664","https://www.blackrock.com/sg/en/literature/fact-sheet/bgf-emerging-europe-fund-class-a2-usd-factsheet-lu0171273575-sg-en-retail.pdf","https://www.blackrock.com/sg/en/literature/prospectus/bgf-singapore-prospectus-sg.pdf"
"LU0171289738","138669","https://www.blackrock.com/sg/en/literature/fact-sheet/bgf-latin-american-fund-class-a2-gbp-factsheet-lu0171289738-sg-en-retail.pdf","https://www.blackrock.com/sg/en/literature/prospectus/bgf-singapore-prospectus-sg.pdf"
"LU1279613951","138673","https://www.blackrock.com/ch/professionals/en/literature/fact-sheet/bgf-asian-growth-leaders-fund-class-a2-hedged-eur-factsheet-lu1279613951-ch-en-individual.pdf","https://www.blackrock.com/ch/professionals/en/education/library?productIdentifier=LU1279613951%7EBRSVNUWX3%7E279264&MaterialType=Prospectus"
"LU0359201455","138683","https://www.blackrock.com/ch/professionals/en/literature/fact-sheet/bgf-china-fund-class-a2-hedged-eur-factsheet-lu0359201455-ch-en-individual.pdf","https://www.blackrock.com/ch/professionals/en/education/library?productIdentifier=LU0359201455%7EBRS6X3756%7E229550&MaterialType=Prospectus"
"LU0359201026","138684","https://www.blackrock.com/ch/professionals/en/literature/fact-sheet/bgf-china-fund-class-a4-hedged-gbp-factsheet-lu0359201026-ch-en-individual.pdf","https://www.blackrock.com/ch/professionals/en/education/library?productIdentifier=LU0359201026%7EBRS6X36T5%7E229552&MaterialType=Prospectus"
"LU2099546561","138708","https://www.blackrock.com/ch/professionals/en/literature/fact-sheet/bsf-global-real-asset-securities-fund-class-a3-hedged-eur-factsheet-lu2099546561-ch-en-individual.pdf","https://www.blackrock.com/ch/professionals/en/education/library?productIdentifier=LU2099546561%7EBRW0M21P0%7E312269&MaterialType=Prospectus"
"LU1564328810","140772","https://www.blackrock.com/ch/professionals/en/literature/fact-sheet/bgf-asian-high-yield-bond-fund-class-a2-hedged-sgd-factsheet-lu1564328810-ch-en-individual.pdf","https://www.blackrock.com/ch/professionals/en/education/library?productIdentifier=LU1564328810%7EBRW2QQ633%7E313423&MaterialType=Prospectus"
"LU1564328067","140773","https://www.blackrock.com/ch/professionals/en/literature/fact-sheet/bgf-asian-high-yield-bond-fund-class-a2-usd-factsheet-lu1564328067-ch-en-individual.pdf","https://www.blackrock.com/ch/professionals/en/education/library?productIdentifier=LU1564328067%7EBRTDJNPL7%7E291686&MaterialType=Prospectus"
"LU1564328141","140774","https://www.blackrock.com/ch/professionals/en/literature/fact-sheet/bgf-asian-high-yield-bond-fund-class-a6-usd-factsheet-lu1564328141-ch-en-individual.pdf","https://www.blackrock.com/ch/professionals/en/education/library?productIdentifier=LU1564328141%7EBRTDJNQX0%7E291685&MaterialType=Prospectus"
"LU1564328737","140775","https://www.blackrock.com/ch/professionals/en/literature/fact-sheet/bgf-asian-high-yield-bond-fund-class-a8-hedged-aud-factsheet-lu1564328737-ch-en-individual.pdf","https://www.blackrock.com/ch/professionals/en/education/library?productIdentifier=LU1564328737%7EBRW2FM1U9%7E313347&MaterialType=Prospectus"
"LU2125116330","140776","https://www.blackrock.com/ch/professionals/en/literature/fact-sheet/bgf-asian-high-yield-bond-fund-class-a8-hedged-gbp-factsheet-lu2125116330-ch-en-individual.pdf","https://www.blackrock.com/ch/professionals/en/education/library?productIdentifier=LU2125116330%7EBRW2FLX28%7E313345&MaterialType=Prospectus"
"LU2070343558","138707","https://www.blackrock.com/ch/professionals/en/literature/fact-sheet/bsf-global-real-asset-securities-fund-class-a3-usd-factsheet-lu2070343558-ch-en-individual.pdf","https://www.blackrock.com/ch/professionals/en/education/library?productIdentifier=LU2070343558%7EBRTY2DBS1%7E310797&MaterialType=Prospectus"
