Security ID,Company Name,Symbol,Factsheet,Fund Info_Domin,,,count 99
138024,Schroder Asian Asset Income Fund A Accumulation HKD,HK0000081841,https://www.schroders.com/en/hk/retail-investors/,https://www.fundinfo.com/en/HK-prof/LandingPage?query,3858,Factsheet,
138097,Schroder Asian Equity Yield Fund Class A,SG9999001846,https://www.schroders.com/en/sg/private-investor/,https://www.fundinfo.com/en/SG-prof/LandingPage?query,3858,Factsheet,
138098,Schroder Asian Growth Fund Class SGD A Distribution Units,SG9999000327,https://www.schroders.com/en/sg/private-investor/,https://www.fundinfo.com/en/SG-prof/LandingPage?queryy,3858,Factsheet,
138099,Schroder Asian Income SGD A Dis,SG9999007991,https://www.schroders.com/en/sg/private-investor/,https://www.fundinfo.com/en/SG-prof/LandingPage?query,3858,Factsheet,
138100,Schroder Global Emerging Market Opportunities Fund,SG9999006852,https://www.schroders.com/en/sg/private-investor/,https://www.fundinfo.com/en/SG-prof/LandingPage?query,3858,Factsheet,
138101,Schroder International Selection Fund Asian Bond Total Return A Accumulation USD,LU0106250508,https://www.schroders.com/en/sg/private-investor/,https://www.fundinfo.com/en/SG-prof/LandingPage?query,3858,Factsheet,
138102,Schroder International Selection Fund Asian Dividend Maximiser A Accumulation USD,LU0955623706,https://www.schroders.com/en/sg/private-investor/,https://www.fundinfo.com/en/SG-prof/LandingPage?query,3858,Factsheet,
138103,Schroder International Selection Fund Asian Equity Yield A Accumulation USD,LU0188438112,https://www.schroders.com/en/sg/private-investor/,https://www.fundinfo.com/en/SG-prof/LandingPage?query,3858,Factsheet,
138104,Schroder International Selection Fund Emerging Europe A Accumulation EUR,LU0106817157,https://www.schroders.com/en/sg/private-investor/,https://www.fundinfo.com/en/SG-prof/LandingPage?query,3858,Factsheet,
138105,Schroder International Selection Fund Emerging Markets Debt Absolute Return A Accumulation USD,LU0106253197,https://www.schroders.com/en/sg/private-investor/,https://www.fundinfo.com/en/SG-prof/LandingPage?query,3858,Factsheet,
138106,Schroder International Selection Fund European Equity Yield A Accumulation EUR,LU0106236267,https://www.schroders.com/en/sg/private-investor/,https://www.fundinfo.com/en/SG-prof/LandingPage?query,3858,Factsheet,
138107,Schroder International Selection Fund Global Climate Change Equity A Accumulation USD,LU0302445910,https://www.schroders.com/en/sg/private-investor/,https://www.fundinfo.com/en/SG-prof/LandingPage?query,3858,Factsheet,
138108,Schroder International Selection Fund Global Corporate Bond A Accumulation USD,LU0106258311,https://www.schroders.com/en/sg/private-investor/,https://www.fundinfo.com/en/SG-prof/LandingPage?query,3858,Factsheet,
138109,Schroder International Selection Fund Global Multi-Asset Income A Accumulation USD,LU0757359368,https://www.schroders.com/en/sg/private-investor/,https://www.fundinfo.com/en/SG-prof/LandingPage?query,3858,Factsheet,
138110,Schroder International Selection Fund Middle East A Accumulation USD,LU0314587907,https://www.schroders.com/en/sg/private-investor/,https://www.fundinfo.com/en/SG-prof/LandingPage?query,3858,Factsheet,
138111,Schroder International Selection Fund Strategic Bond A Accumulation USD,LU0201322137,https://www.schroders.com/en/sg/private-investor/,https://www.fundinfo.com/en/SG-prof/LandingPage?query=LU0201322137,3858,Factsheet,
138112,Schroder Multi-Asset Revolution A,SG9999000277,https://www.schroders.com/en/sg/private-investor/,https://www.fundinfo.com/en/SG-prof/LandingPage?query=LU0201322137,3858,Factsheet,
138113,Schroder Singapore Trust SGD A Dis,SG9999000343,https://www.schroders.com/en/sg/private-investor/,https://www.fundinfo.com/en/SG-prof/LandingPage?query=LU0201322137,3858,Factsheet,
138131,Schroder International Selection Fund China A A Accumulation USD,LU1713307426,https://www.schroders.com/en/ch/asset-management/,https://www.fundinfo.com/en/SG-prof/LandingPage?query=LU0201322137,3858,Factsheet,
138133,Schroder GAIA Contour Tech Equity A Accumulation USD,LU1725199209,https://www.schroders.com/en/ch/asset-management/,https://www.fundinfo.com/en/SG-prof/LandingPage?query=LU0201322137,3858,Factsheet,
138140,Schroder International Selection Fund Healthcare Innovation A Accumulation USD,LU1983299246,https://www.schroders.com/en/ch/asset-management/,https://www.fundinfo.com/en/CH-prof/LandingPage?query,3858,Factsheet,
138153,Schroder International Selection Fund EURO Equity A Accumulation EUR,LU0106235293,https://www.schroders.com/en/ch/asset-management/,https://www.fundinfo.com/en/CH-prof/LandingPage?query,3858,Factsheet,
138154,Schroder International Selection Fund Global Cities A Accumulation USD,LU0224508324,https://www.schroders.com/en/ch/asset-management/,https://www.fundinfo.com/en/CH-prof/LandingPage?query,3858,Factsheet,
138157,Schroder International Selection Fund BRIC (Brazil Russia India China) A Accumulation USD,LU0228659784,https://www.schroders.com/en/ch/asset-management/,https://www.fundinfo.com/en/CH-prof/LandingPage?query,3858,Factsheet,
138165,Schroder International Selection Fund Global Credit Income A Distribution USD M,LU1514167136,https://www.schroders.com/en/ch/asset-management/,https://www.fundinfo.com/en/CH-prof/LandingPage?query,3858,Factsheet,
138168,Schroder International Selection Fund Asian Opportunities A Accumulation USD,LU0106259558,https://www.schroders.com/en/ch/asset-management/,https://www.fundinfo.com/en/CH-prof/LandingPage?query,3858,Factsheet,
138170,Schroder Special Situations Fund Fixed Maturity Bond II A2 Distribution USD,LU1995616858,Not found anywere,https://www.fundinfo.com/en/SG-prof/LandingPage?query,3858,Factsheet,
138180,Schroder Special Situations Fund Fixed Maturity Bond IV A2 Accumulation USD,LU2055183474,https://www.fundinfo.com/en/GB-priv/LandingPage?query,https://www.fundinfo.com/en/SG-prof/LandingPage?query,3858,Factsheet,
138510,Schroders ISF Global Multi Asset Income Fund,LU0757359954,https://www.schroders.com/en/sg/private-investor/,https://www.fundinfo.com/en/SG-prof/LandingPage?query ,3858,Factsheet,
138549,Schroder ISF Global Corporate Bond DIST,LU0053903380,https://www.schroders.com/en/sg/private-investor/,https://www.fundinfo.com/en/SG-prof/LandingPage?query,3858,Factsheet,
138555,Schroder SSF Fixed Maturity Bond II (FMP) ACC,LU1995616775,Not found anywere,https://www.fundinfo.com/en/SG-prof/LandingPage?query,3858,Factsheet,
138556,Schroder SSF Fixed Maturity Bond II (FMP) DIST,LU1995617070,https://www.fundinfo.com/en/GB-priv/LandingPage?query,https://www.fundinfo.com/en/GB-prof/LandingPage?query,3858,Factsheet,
138557,Schroder SSF Fixed Maturity Bond II (FMP) DIST,LU1995617310,Not found anywere,https://www.fundinfo.com/en/SG-prof/LandingPage?query,3858,Factsheet,
138558,Schroder SSF Fixed Maturity Bond II (FMP) ACC,LU1995616932,https://www.fundinfo.com/en/GB-priv/LandingPage?query,https://www.fundinfo.com/en/GB-prof/LandingPage?query,3858,Factsheet,
138559,Schroder SSF Fixed Maturity Bond IV (FMP) DIST (Q),LU2055183557,https://www.fundinfo.com/en/GB-priv/LandingPage?query,https://www.fundinfo.com/en/GB-prof/LandingPage?query,3858,Factsheet,
138561,Schroder SSF Fixed Maturity Bond IV (FMP) DIST (Q),LU2055183805,https://www.fundinfo.com/en/GB-priv/LandingPage?query,https://www.fundinfo.com/en/GB-prof/LandingPage?query,3858,Factsheet,
138568,Schroder Global Credit Income Fund (ACC),LU1737068558,https://www.schroders.com/en/sg/private-investor/,https://www.fundinfo.com/en/GB-prof/LandingPage?query,3858,Factsheet,
138569,Schroder Global Credit Income Fund (DIST),LU1514168027,https://www.schroders.com/en/sg/private-investor/,https://www.fundinfo.com/en/GB-prof/LandingPage?query,3858,Factsheet,
138570,Schroder Global Credit Income Fund (DIST),LU1514168530,https://www.schroders.com/en/sg/private-investor/,https://www.fundinfo.com/en/GB-prof/LandingPage?query,3858,Factsheet,
138620,Schroders Emerging Markets Debt Absolute Return Fund,LU0080733339,https://www.schroders.com/en/sg/private-investor/,https://www.fundinfo.com/en/GB-prof/LandingPage?query,3858,Factsheet,
138652,Schroder ISF Euro Equity USD Hedged A Acc USD,LU0999521056,https://www.schroders.com/en/sg/private-investor/,https://www.fundinfo.com/en/GB-prof/LandingPage?query,3858,Factsheet,
138653,Schroder ISF Euro Equity ACC USD,LU0150928074,https://www.fundinfo.com/en/GB-priv/LandingPage?query,https://www.fundinfo.com/en/GB-prof/LandingPage?query,3858,Factsheet,
138670,Schroders ISF Asian Equity Fund,LU0192582467,https://www.schroders.com/en/uk/private-investor/,https://www.fundinfo.com/en/GB-prof/LandingPage?query,3858,Factsheet,
138671,Schroders ISF Asian Equity Fund,LU0820944071,https://www.schroders.com/en/uk/private-investor/,https://www.fundinfo.com/en/GB-prof/LandingPage?query,3858,Factsheet,
138672,Schroders ISF Asian Equity Fund,LU0242608361,https://www.schroders.com/en/uk/private-investor/,https://www.fundinfo.com/en/GB-prof/LandingPage?query,3858,Factsheet,
138674,Schroder ISF Asian Opportunities A EUR (Acc),LU0248184466,https://www.schroders.com/en/uk/private-investor/,https://www.fundinfo.com/en/GB-prof/LandingPage?query,3858,Factsheet,
138677,Schroders Emerging Asia Fund,LU0181495838,https://www.schroders.com/en/uk/private-investor/,https://www.fundinfo.com/en/GB-prof/LandingPage?query,3858,Factsheet,
138678,Schroders Emerging Asia Fund,LU0242608874,https://www.schroders.com/en/uk/private-investor/,https://www.fundinfo.com/en/GB-prof/LandingPage?query,3858,Factsheet,
138679,Schroder Asian Dividend Maximiser Fund,LU0955648018,https://www.schroders.com/en/lu/private-investor/,https://www.fundinfo.com/en/LU-prof/LandingPage?query,3858,Factsheet,
138681,Schroder ISF Taiwanese Equity Fund,LU0270814014,https://www.schroders.com/en/uk/private-investor/,https://www.fundinfo.com/en/LU-prof/LandingPage?query,3858,Factsheet,
138682,Schroders China Opportunities Fund,LU0244354667,https://www.schroders.com/en/uk/private-investor/,https://www.fundinfo.com/en/LU-prof/LandingPage?query,3858,Factsheet,
138687,Schroders Greater China Fund,LU0140636845,https://www.schroders.com/en/uk/private-investor/,https://www.fundinfo.com/en/LU-prof/LandingPage?query,3858,Factsheet,
138688,Schroders Greater China Fund,LU0199880310,https://www.schroders.com/en/uk/private-investor/,https://www.fundinfo.com/en/GB-prof/LandingPage?query,3858,Factsheet,
138703,Schroder ISF Healthcare Innovation Fund ACC,LU2191243257,https://www.schroders.com/en/ch/asset-management/,https://www.fundinfo.com/en/GB-prof/LandingPage?query,3858,Factsheet,
138711,Schroder GAIA Contour Tech Equity Fund (ACC) Hedged,LU1725200650,https://www.schroders.com/en/ch/asset-management/,https://www.fundinfo.com/en/GB-prof/LandingPage?query,3858,Factsheet,
140771,Schroder International Selection Fund China Opportunities A Acc SGD Hedged,LU0326950275,https://www.schroders.com/en/ch/asset-management/,https://www.fundinfo.com/en/GB-prof/LandingPage?query,3858,Factsheet,
140936,SCHRODER ISF EUROPEAN SUSTAINABLE VALUE A DIS QF (EUR) Cash,LU0012050729,https://www.schroders.com/en/ch/asset-management/,https://www.fundinfo.com/en/GB-prof/LandingPage?query,3858,Factsheet,
140966,SCHRODER ISF JAPANESE EQUITY A ACC (JPY),LU0106239873,https://www.schroders.com/en/ch/asset-management/,https://www.fundinfo.com/en/GB-prof/LandingPage?query,3858,Factsheet,
140967,SCHRODER ISF LATIN AMERICAN A ACC (USD),LU0106259046,https://www.schroders.com/en/ch/asset-management/,https://www.fundinfo.com/en/GB-prof/LandingPage?query,3858,Factsheet,
140979,SCHRODER ISF EUROPEAN VALUE CLASS A ACC (EUR),LU0161305163,https://www.schroders.com/en/ch/asset-management/,https://www.fundinfo.com/en/GB-prof/LandingPage?query,3858,Factsheet,
140990,SCHRODER ISF EMERGING MKT DEBT ABSOLUTE RETURN A ACC (EUR-H),LU0177592218,https://www.schroders.com/en/ch/asset-management/,https://www.fundinfo.com/en/GB-prof/LandingPage?query,3858,Factsheet,
140997,SCHRODER ISF STRATEGIC BOND A DIS MV (USD),LU0216291897,https://www.schroders.com/en/ch/asset-management/,https://www.fundinfo.com/en/GB-prof/LandingPage?query,3858,Factsheet,
141004,SCHRODER AS COMMODITY FUND A ACC (USD),LU0232504117,https://www.schroders.com/en/ch/asset-management/,https://www.fundinfo.com/en/GB-prof/LandingPage,3858,Factsheet,
141006,SCHRODER AS COMMODITY (EUR-HEDGED) A ACC,LU0233036713,https://www.schroders.com/en/ch/asset-management/,https://www.fundinfo.com/en/GB-prof/LandingPage?query,3858,Factsheet,
141013,SCHRODER ISF LATIN AMERICAN CLASS A ACC (SGD),LU0256859116,https://www.schroders.com/en/sg/private-investor/,https://www.fundinfo.com/en/SG-prof/LandingPage?query,3858,Factsheet,
141023,SCHRODER ISF GLOBAL EMERGING MARKET OPPORTUNITIES A ACC (USD),LU0269904917,https://www.schroders.com/en/sg/private-investor/,https://www.fundinfo.com/en/SG-prof/LandingPage?query,3858,Factsheet,
141028,SCHRODER ISF GLOBAL EMERGING MKT OPPORTUNITIES A ACC (SGD),LU0279460462,https://www.schroders.com/en/sg/private-investor/,https://www.fundinfo.com/en/SG-prof/LandingPage?query,3858,Factsheet,
141049,SCHRODER ISF GLOBAL DIVIDEND MAXIMISER A (USD) Acc,LU0306806265,https://www.schroders.com/en/sg/private-investor/,https://www.fundinfo.com/en/SG-prof/LandingPage?query,3858,Factsheet,
141050,SCHRODER ISF GLBL DIV MAXIMISER A DIS QF (USD) Cash,LU0306807586,https://www.schroders.com/en/sg/private-investor/,https://www.fundinfo.com/en/SG-prof/LandingPage?query,3858,Factsheet,
141055,SCHRODER ISF GLOBAL CLIMATE CHANGE EQUITY A ACC (SGD),LU0312595415,https://www.schroders.com/en/sg/private-investor/,https://www.fundinfo.com/en/SG-prof/LandingPage?query,3858,Factsheet,
141058,SCHRODER ISF MIDDLE EAST EUR A ACC (EUR),LU0316459139,https://www.schroders.com/en/sg/private-investor/,https://www.fundinfo.com/en/SG-prof/LandingPage?query,3858,Factsheet,
141062,SCHRODER AS COMMODITY (SGD-HEDGED) A ACC,LU0319973649,https://www.schroders.com/en/sg/private-investor/,https://www.fundinfo.com/en/SG-prof/LandingPage?query,3858,Factsheet,
141076,SCHRODER ISF GLOBAL DIVIDEND MAXIMISER A (SGD) ACC,LU0321505439,https://www.schroders.com/en/sg/private-investor/,https://www.fundinfo.com/en/SG-prof/LandingPage?query,3858,Factsheet,
141077,SCHRODER ISF GLBL DIV MAXIMISER A DIS QF (SGD) Cash,LU0321505868,https://www.schroders.com/en/sg/private-investor/,https://www.fundinfo.com/en/SG-prof/LandingPage?query,3858,Factsheet,
141080,SCHRODER ISF ASIAN TOTAL RETURN (USD) A ACC - Reinvest Div,LU0326948709,https://www.schroders.com/en/sg/private-investor/,https://www.fundinfo.com/en/SG-prof/LandingPage?query,3858,Factsheet,
141083,SCHRODER ISF MIDDLE EAST SGD A ACC (SGD),LU0339279753,https://www.schroders.com/en/sg/private-investor/,https://www.fundinfo.com/en/SG-prof/LandingPage?query,3858,Factsheet,
141088,SCHRODER ISF ASIAN BOND TOTAL RETURN A ACC (SGD-H),LU0358858032,https://www.schroders.com/en/sg/private-investor/,https://www.fundinfo.com/en/SG-prof/LandingPage?query,3858,Factsheet,
141096,SCHRODER ISF EM DEBT ABSOLUTE RETURN A DIST QF (SGD-H) CASH,LU0372678564,https://www.schroders.com/en/sg/private-investor/,https://www.fundinfo.com/en/SG-prof/LandingPage?query,3858,Factsheet,
141103,SCHRODER ISF GLOBAL CORPORATE BOND A DIS SV (SGD-H) Cash,LU0417518270,https://www.schroders.com/en/sg/private-investor/,https://www.fundinfo.com/en/SG-prof/LandingPage?query,3858,Factsheet,
141128,SCHRODER ISF ASIAN TOTAL RETURN A DIS AV (SGD),LU0553721365,https://www.schroders.com/en/sg/private-investor/,https://www.fundinfo.com/en/SG-prof/LandingPage?query,3858,Factsheet,
141149,SCHRODER ISF GLOBAL DIV MAXIMISER A DIS QF (EUR-H) Cash,LU0671501129,https://www.schroders.com/en/sg/private-investor/,https://www.fundinfo.com/en/SG-prof/LandingPage?query,3858,Factsheet,
141173,SCHRODER ISF GLOBAL MULTI-ASSET INCOME A DIS QV (EUR-H) Cash,LU0757360960,https://www.schroders.com/en/lu/private-investor/,https://www.fundinfo.com/en/SG-prof/LandingPage?query,3858,Factsheet,
141211,SCHRODER ISF GLOBAL MULTI-ASSET INCOME A DIS MF (SGD-H) Cash,LU0879622024,https://www.schroders.com/en/lu/private-investor/,https://www.fundinfo.com/en/SG-prof/LandingPage?query,3858,Factsheet,
141219,SCHRODER ISF JAPANESE EQUITY (USD-HEDGED) A ACC,LU0903425923,https://www.schroders.com/en/lu/private-investor/,https://www.fundinfo.com/en/SG-prof/LandingPage?query,3858,Factsheet,
141222,SCHRODER ISF GLOBAL MULTI-ASSET INCOME A DIS MF (GBP-H) Cash,LU0910996080,https://www.schroders.com/en/sg/private-investor/,https://www.fundinfo.com/en/SG-prof/LandingPage?query,3858,Factsheet,
141223,SCHRODER ISF GLOBAL MULTI-ASSET INCOME A DIS MFC (AUD-H) Cash,LU0911024122,https://www.schroders.com/en/sg/private-investor/,https://www.fundinfo.com/en/SG-prof/LandingPage?query,3858,Factsheet,
141231,SCHRODER ISF ASIAN DIVIDEND MAXIMISER A DIS MF (EUR-H) CASH,LU0955665376,https://www.schroders.com/en/sg/private-investor/,https://www.fundinfo.com/en/SG-prof/LandingPage?query,3858,Factsheet,
141232,SCHRODER ISF ASIAN DIVIDEND MAXIMISER A DIS MF (SGD) Cash,LU0955669360,https://www.schroders.com/en/sg/private-investor/,https://www.fundinfo.com/en/SG-prof/LandingPage?query,3858,Factsheet,
141233,Schroder ISF Global Multi-Asset Income (SGD-Hedged) A Acc,LU0960925393,https://www.schroders.com/en/sg/private-investor/,https://www.fundinfo.com/en/SG-prof/LandingPage?query,3858,Factsheet,
141234,Schroder ISF Global Multi-Asset Income (SGD) A Acc,LU0960925559,https://www.schroders.com/en/sg/private-investor/,https://www.fundinfo.com/en/SG-prof/LandingPage?query,3858,Factsheet,
141250,SCHRODER ISF EUROPEAN SUSTAINABLE VALUE A DIS MF (USD-H) Cash,LU0981932782,https://www.schroders.com/en/sg/private-investor/,https://www.fundinfo.com/en/SG-prof/LandingPage?query,3858,Factsheet,
141251,SCHRODER ISF EUROPEAN SUSTAINABLE VALUE A DIS MF (SGD-H) Cash,LU0981932865,https://www.schroders.com/en/sg/private-investor/,https://www.fundinfo.com/en/SG-prof/LandingPage?query,3858,Factsheet,
141266,SCHRODER ISF GLOBAL DIV MAXIMISER A DIS MFC (AUD-H) Cash,LU1046234412,https://www.schroders.com/en/sg/private-investor/,https://www.fundinfo.com/en/SG-prof/LandingPage?query,3858,Factsheet,
141286,SCHRODER ISF ASIAN DIVIDEND MAXIMISER A DIS MF (SGD-H) CASH,LU1130305938,https://www.schroders.com/en/sg/private-investor/,https://www.fundinfo.com/en/SG-prof/LandingPage?query,3858,Factsheet,
141287,SCHRODER ISF ASIAN DIVIDEND MAXIMISER A DIS MFC (AUD-H) CASH,LU1130306589,https://www.schroders.com/en/sg/private-investor/,https://www.fundinfo.com/en/SG-prof/LandingPage?query,3858,Factsheet,
141297,Schroder ISF Global Gold A Acc (USD),LU1223082196,https://www.schroders.com/en/sg/private-investor/,https://www.fundinfo.com/en/SG-prof/LandingPage?query,3858,Factsheet,
141298,SCHRODER ISF GLOBAL GOLD A ACC (EUR-H),LU1223083087,https://www.schroders.com/en/sg/private-investor/,https://www.fundinfo.com/en/SG-prof/LandingPage?query,3858,Factsheet,
141299,Schroder ISF Global Gold A Acc (SGD-H),LU1223083913,https://www.schroders.com/en/sg/private-investor/,https://www.fundinfo.com/en/SG-prof/LandingPage?query,3858,Factsheet,
141378,SCHRODER ISF ASIAN CREDIT OPPORTUNITIES A DIS (SGD-H) CASH,LU1859244672,https://www.schroders.com/en/sg/private-investor/,https://www.fundinfo.com/en/SG-prof/LandingPage?query,3858,Factsheet,
138024,Schroder Asian Asset Income Fund A Accumulation HKD,HK0000081841,https://www.fundinfo.com/en/HK-prof/LandingPage?query,https://www.fundinfo.com/en/HK-prof/LandingPage?query,3859,Prospectus,
138097,Schroder Asian Equity Yield Fund Class A,SG9999001846,https://www.schroders.com/en/sg/private-investor/,https://www.fundinfo.com/en/SG-prof/LandingPage?query,3859,Prospectus,
138098,Schroder Asian Growth Fund Class SGD A Distribution Units,SG9999000327,https://www.schroders.com/en/sg/private-investor/,https://www.fundinfo.com/en/SG-prof/LandingPage?queryy,3859,Prospectus,
138099,Schroder Asian Income SGD A Dis,SG9999007991,https://www.schroders.com/en/sg/private-investor/,https://www.fundinfo.com/en/SG-prof/LandingPage?query,3859,Prospectus,
138100,Schroder Global Emerging Market Opportunities Fund,SG9999006852,https://www.schroders.com/en/sg/private-investor/,https://www.fundinfo.com/en/SG-prof/LandingPage?query,3859,Prospectus,
138101,Schroder International Selection Fund Asian Bond Total Return A Accumulation USD,LU0106250508,https://www.schroders.com/en/sg/private-investor/,https://www.fundinfo.com/en/SG-prof/LandingPage?query,3859,Prospectus,
138102,Schroder International Selection Fund Asian Dividend Maximiser A Accumulation USD,LU0955623706,https://www.schroders.com/en/sg/private-investor/,https://www.fundinfo.com/en/SG-prof/LandingPage?query,3859,Prospectus,
138103,Schroder International Selection Fund Asian Equity Yield A Accumulation USD,LU0188438112,https://www.schroders.com/en/sg/private-investor/,https://www.fundinfo.com/en/SG-prof/LandingPage?query,3859,Prospectus,
138104,Schroder International Selection Fund Emerging Europe A Accumulation EUR,LU0106817157,https://www.schroders.com/en/sg/private-investor/,https://www.fundinfo.com/en/SG-prof/LandingPage?query,3859,Prospectus,
138105,Schroder International Selection Fund Emerging Markets Debt Absolute Return A Accumulation USD,LU0106253197,https://www.schroders.com/en/sg/private-investor/,https://www.fundinfo.com/en/SG-prof/LandingPage?query,3859,Prospectus,
138106,Schroder International Selection Fund European Equity Yield A Accumulation EUR,LU0106236267,https://www.schroders.com/en/sg/private-investor/,https://www.fundinfo.com/en/SG-prof/LandingPage?query,3859,Prospectus,
138107,Schroder International Selection Fund Global Climate Change Equity A Accumulation USD,LU0302445910,https://www.schroders.com/en/sg/private-investor/,https://www.fundinfo.com/en/SG-prof/LandingPage?query,3859,Prospectus,
138108,Schroder International Selection Fund Global Corporate Bond A Accumulation USD,LU0106258311,https://www.schroders.com/en/sg/private-investor/,https://www.fundinfo.com/en/SG-prof/LandingPage?query,3859,Prospectus,
138109,Schroder International Selection Fund Global Multi-Asset Income A Accumulation USD,LU0757359368,https://www.schroders.com/en/sg/private-investor/,https://www.fundinfo.com/en/SG-prof/LandingPage?query,3859,Prospectus,
138110,Schroder International Selection Fund Middle East A Accumulation USD,LU0314587907,https://www.schroders.com/en/sg/private-investor/,https://www.fundinfo.com/en/SG-prof/LandingPage?query,3859,Prospectus,
138111,Schroder International Selection Fund Strategic Bond A Accumulation USD,LU0201322137,https://www.schroders.com/en/sg/private-investor/,https://www.fundinfo.com/en/SG-prof/LandingPage?query=LU0201322137,3859,Prospectus,
138112,Schroder Multi-Asset Revolution A,SG9999000277,https://www.schroders.com/en/sg/private-investor/,https://www.fundinfo.com/en/SG-prof/LandingPage?query=LU0201322137,3859,Prospectus,
138113,Schroder Singapore Trust SGD A Dis,SG9999000343,https://www.schroders.com/en/sg/private-investor/,https://www.fundinfo.com/en/SG-prof/LandingPage?query=LU0201322137,3859,Prospectus,
138131,Schroder International Selection Fund China A A Accumulation USD,LU1713307426,https://www.schroders.com/en/ch/asset-management/,https://www.fundinfo.com/en/SG-prof/LandingPage?query=LU0201322137,3859,Prospectus,
138133,Schroder GAIA Contour Tech Equity A Accumulation USD,LU1725199209,https://www.schroders.com/en/ch/asset-management/,https://www.fundinfo.com/en/SG-prof/LandingPage?query=LU0201322137,3859,Prospectus,
138140,Schroder International Selection Fund Healthcare Innovation A Accumulation USD,LU1983299246,https://www.schroders.com/en/ch/asset-management/,https://www.fundinfo.com/en/CH-prof/LandingPage?query,3859,Prospectus,
138153,Schroder International Selection Fund EURO Equity A Accumulation EUR,LU0106235293,https://www.schroders.com/en/ch/asset-management/,https://www.fundinfo.com/en/CH-prof/LandingPage?query,3859,Prospectus,
138154,Schroder International Selection Fund Global Cities A Accumulation USD,LU0224508324,https://www.schroders.com/en/ch/asset-management/,https://www.fundinfo.com/en/CH-prof/LandingPage?query,3859,Prospectus,
138157,Schroder International Selection Fund BRIC (Brazil Russia India China) A Accumulation USD,LU0228659784,https://www.schroders.com/en/ch/asset-management/,https://www.fundinfo.com/en/CH-prof/LandingPage?query,3859,Prospectus,
138165,Schroder International Selection Fund Global Credit Income A Distribution USD M,LU1514167136,https://www.schroders.com/en/ch/asset-management/,https://www.fundinfo.com/en/CH-prof/LandingPage?query,3859,Prospectus,
138168,Schroder International Selection Fund Asian Opportunities A Accumulation USD,LU0106259558,https://www.schroders.com/en/ch/asset-management/,https://www.fundinfo.com/en/CH-prof/LandingPage?query,3859,Prospectus,
138170,Schroder Special Situations Fund Fixed Maturity Bond II A2 Distribution USD,LU1995616858,https://www.fundinfo.com/en/GB-priv/LandingPage?,https://www.fundinfo.com/en/LU-prof/LandingPage?query,3859,Prospectus,
138180,Schroder Special Situations Fund Fixed Maturity Bond IV A2 Accumulation USD,LU2055183474,https://www.fundinfo.com/en/GB-priv/LandingPage?,https://www.fundinfo.com/en/SG-prof/LandingPage?query,3859,Prospectus,
138510,Schroders ISF Global Multi Asset Income Fund,LU0757359954,https://www.schroders.com/en/sg/private-investor/,https://www.fundinfo.com/en/SG-prof/LandingPage?query ,3859,Prospectus,
138549,Schroder ISF Global Corporate Bond DIST,LU0053903380,https://www.schroders.com/en/sg/private-investor/,https://www.fundinfo.com/en/SG-prof/LandingPage?query,3859,Prospectus,
138555,Schroder SSF Fixed Maturity Bond II (FMP) ACC,LU1995616775,https://www.fundinfo.com/en/GB-priv/LandingPage?,https://www.fundinfo.com/en/LU-prof/LandingPage?query,3859,Prospectus,
138556,Schroder SSF Fixed Maturity Bond II (FMP) DIST,LU1995617070,https://www.fundinfo.com/en/GB-priv/LandingPage?,https://www.fundinfo.com/en/GB-prof/LandingPage?query,3859,Prospectus,
138557,Schroder SSF Fixed Maturity Bond II (FMP) DIST,LU1995617310,https://www.fundinfo.com/en/GB-priv/LandingPage?,https://www.fundinfo.com/en/GB-prof/LandingPage?query,3859,Prospectus,
138558,Schroder SSF Fixed Maturity Bond II (FMP) ACC,LU1995616932,https://www.fundinfo.com/en/GB-priv/LandingPage?,https://www.fundinfo.com/en/GB-prof/LandingPage?query,3859,Prospectus,
138559,Schroder SSF Fixed Maturity Bond IV (FMP) DIST (Q),LU2055183557,https://www.fundinfo.com/en/GB-priv/LandingPage?,https://www.fundinfo.com/en/GB-prof/LandingPage?query,3859,Prospectus,
138561,Schroder SSF Fixed Maturity Bond IV (FMP) DIST (Q),LU2055183805,https://www.fundinfo.com/en/GB-priv/LandingPage?,https://www.fundinfo.com/en/GB-prof/LandingPage?query,3859,Prospectus,
138568,Schroder Global Credit Income Fund (ACC),LU1737068558,https://www.schroders.com/en/sg/private-investor/,https://www.fundinfo.com/en/GB-prof/LandingPage?query,3859,Prospectus,
138569,Schroder Global Credit Income Fund (DIST),LU1514168027,https://www.schroders.com/en/sg/private-investor/,https://www.fundinfo.com/en/GB-prof/LandingPage?query,3859,Prospectus,
138570,Schroder Global Credit Income Fund (DIST),LU1514168530,https://www.schroders.com/en/sg/private-investor/,https://www.fundinfo.com/en/GB-prof/LandingPage?query,3859,Prospectus,
138620,Schroders Emerging Markets Debt Absolute Return Fund,LU0080733339,https://www.schroders.com/en/sg/private-investor/,https://www.fundinfo.com/en/GB-prof/LandingPage?query,3859,Prospectus,
138652,Schroder ISF Euro Equity USD Hedged A Acc USD,LU0999521056,https://www.schroders.com/en/sg/private-investor/,https://www.fundinfo.com/en/GB-prof/LandingPage?query,3859,Prospectus,
138653,Schroder ISF Euro Equity ACC USD,LU0150928074,https://www.schroders.com/en/ch/asset-management/,https://www.fundinfo.com/en/GB-prof/LandingPage?query,3859,Prospectus,
138670,Schroders ISF Asian Equity Fund,LU0192582467,https://www.schroders.com/en/uk/private-investor/,https://www.fundinfo.com/en/GB-prof/LandingPage?query,3859,Prospectus,
138671,Schroders ISF Asian Equity Fund,LU0820944071,https://www.schroders.com/en/uk/private-investor/,https://www.fundinfo.com/en/GB-prof/LandingPage?query,3859,Prospectus,
138672,Schroders ISF Asian Equity Fund,LU0242608361,https://www.schroders.com/en/uk/private-investor/,https://www.fundinfo.com/en/GB-prof/LandingPage?query,3859,Prospectus,
138674,Schroder ISF Asian Opportunities A EUR (Acc),LU0248184466,https://www.schroders.com/en/uk/private-investor/,https://www.fundinfo.com/en/GB-prof/LandingPage?query,3859,Prospectus,
138677,Schroders Emerging Asia Fund,LU0181495838,https://www.schroders.com/en/uk/private-investor/,https://www.fundinfo.com/en/GB-prof/LandingPage?query,3859,Prospectus,
138678,Schroders Emerging Asia Fund,LU0242608874,https://www.schroders.com/en/uk/private-investor/,https://www.fundinfo.com/en/GB-prof/LandingPage?query,3859,Prospectus,
138679,Schroder Asian Dividend Maximiser Fund,LU0955648018,https://www.schroders.com/en/lu/private-investor/,https://www.fundinfo.com/en/LU-prof/LandingPage?query,3859,Prospectus,
138681,Schroder ISF Taiwanese Equity Fund,LU0270814014,https://www.schroders.com/en/uk/private-investor/,https://www.fundinfo.com/en/LU-prof/LandingPage?query,3859,Prospectus,
138682,Schroders China Opportunities Fund,LU0244354667,https://www.schroders.com/en/uk/private-investor/,https://www.fundinfo.com/en/LU-prof/LandingPage?query,3859,Prospectus,
138687,Schroders Greater China Fund,LU0140636845,https://www.schroders.com/en/uk/private-investor/,https://www.fundinfo.com/en/LU-prof/LandingPage?query,3859,Prospectus,
138688,Schroders Greater China Fund,LU0199880310,https://www.schroders.com/en/uk/private-investor/,https://www.fundinfo.com/en/GB-prof/LandingPage?query,3859,Prospectus,
138703,Schroder ISF Healthcare Innovation Fund ACC,LU2191243257,https://www.schroders.com/en/ch/asset-management/,https://www.fundinfo.com/en/GB-prof/LandingPage?query,3859,Prospectus,
138711,Schroder GAIA Contour Tech Equity Fund (ACC) Hedged,LU1725200650,https://www.schroders.com/en/ch/asset-management/,https://www.fundinfo.com/en/GB-prof/LandingPage?query,3859,Prospectus,
140771,Schroder International Selection Fund China Opportunities A Acc SGD Hedged,LU0326950275,https://www.schroders.com/en/ch/asset-management/,https://www.fundinfo.com/en/GB-prof/LandingPage?query,3859,Prospectus,
140936,SCHRODER ISF EUROPEAN SUSTAINABLE VALUE A DIS QF (EUR) Cash,LU0012050729,https://www.schroders.com/en/ch/asset-management/,https://www.fundinfo.com/en/GB-prof/LandingPage?query,3859,Prospectus,
140966,SCHRODER ISF JAPANESE EQUITY A ACC (JPY),LU0106239873,https://www.schroders.com/en/ch/asset-management/,https://www.fundinfo.com/en/GB-prof/LandingPage?query,3859,Prospectus,
140967,SCHRODER ISF LATIN AMERICAN A ACC (USD),LU0106259046,https://www.schroders.com/en/ch/asset-management/,https://www.fundinfo.com/en/GB-prof/LandingPage?query,3859,Prospectus,
140979,SCHRODER ISF EUROPEAN VALUE CLASS A ACC (EUR),LU0161305163,https://www.schroders.com/en/ch/asset-management/,https://www.fundinfo.com/en/GB-prof/LandingPage?query,3859,Prospectus,
140990,SCHRODER ISF EMERGING MKT DEBT ABSOLUTE RETURN A ACC (EUR-H),LU0177592218,https://www.schroders.com/en/ch/asset-management/,https://www.fundinfo.com/en/GB-prof/LandingPage?query,3859,Prospectus,
140997,SCHRODER ISF STRATEGIC BOND A DIS MV (USD),LU0216291897,https://www.schroders.com/en/ch/asset-management/,https://www.fundinfo.com/en/GB-prof/LandingPage?query,3859,Prospectus,
141004,SCHRODER AS COMMODITY FUND A ACC (USD),LU0232504117,https://www.schroders.com/en/ch/asset-management/,https://www.fundinfo.com/en/GB-prof/LandingPage,3859,Prospectus,
141006,SCHRODER AS COMMODITY (EUR-HEDGED) A ACC,LU0233036713,https://www.schroders.com/en/ch/asset-management/,https://www.fundinfo.com/en/GB-prof/LandingPage?query,3859,Prospectus,
141013,SCHRODER ISF LATIN AMERICAN CLASS A ACC (SGD),LU0256859116,https://www.schroders.com/en/sg/private-investor/,https://www.fundinfo.com/en/SG-prof/LandingPage?query,3859,Prospectus,
141023,SCHRODER ISF GLOBAL EMERGING MARKET OPPORTUNITIES A ACC (USD),LU0269904917,https://www.schroders.com/en/sg/private-investor/,https://www.fundinfo.com/en/SG-prof/LandingPage?query,3859,Prospectus,
141028,SCHRODER ISF GLOBAL EMERGING MKT OPPORTUNITIES A ACC (SGD),LU0279460462,https://www.schroders.com/en/sg/private-investor/,https://www.fundinfo.com/en/SG-prof/LandingPage?query,3859,Prospectus,
141049,SCHRODER ISF GLOBAL DIVIDEND MAXIMISER A (USD) Acc,LU0306806265,https://www.schroders.com/en/sg/private-investor/,https://www.fundinfo.com/en/SG-prof/LandingPage?query,3859,Prospectus,
141050,SCHRODER ISF GLBL DIV MAXIMISER A DIS QF (USD) Cash,LU0306807586,https://www.schroders.com/en/sg/private-investor/,https://www.fundinfo.com/en/SG-prof/LandingPage?query,3859,Prospectus,
141055,SCHRODER ISF GLOBAL CLIMATE CHANGE EQUITY A ACC (SGD),LU0312595415,https://www.schroders.com/en/sg/private-investor/,https://www.fundinfo.com/en/SG-prof/LandingPage?query,3859,Prospectus,
141058,SCHRODER ISF MIDDLE EAST EUR A ACC (EUR),LU0316459139,https://www.schroders.com/en/sg/private-investor/,https://www.fundinfo.com/en/SG-prof/LandingPage?query,3859,Prospectus,
141062,SCHRODER AS COMMODITY (SGD-HEDGED) A ACC,LU0319973649,https://www.schroders.com/en/sg/private-investor/,https://www.fundinfo.com/en/SG-prof/LandingPage?query,3859,Prospectus,
141076,SCHRODER ISF GLOBAL DIVIDEND MAXIMISER A (SGD) ACC,LU0321505439,https://www.schroders.com/en/sg/private-investor/,https://www.fundinfo.com/en/SG-prof/LandingPage?query,3859,Prospectus,
141077,SCHRODER ISF GLBL DIV MAXIMISER A DIS QF (SGD) Cash,LU0321505868,https://www.schroders.com/en/sg/private-investor/,https://www.fundinfo.com/en/SG-prof/LandingPage?query,3859,Prospectus,
141080,SCHRODER ISF ASIAN TOTAL RETURN (USD) A ACC - Reinvest Div,LU0326948709,https://www.schroders.com/en/sg/private-investor/,https://www.fundinfo.com/en/SG-prof/LandingPage?query,3859,Prospectus,
141083,SCHRODER ISF MIDDLE EAST SGD A ACC (SGD),LU0339279753,https://www.schroders.com/en/sg/private-investor/,https://www.fundinfo.com/en/SG-prof/LandingPage?query,3859,Prospectus,
141088,SCHRODER ISF ASIAN BOND TOTAL RETURN A ACC (SGD-H),LU0358858032,https://www.schroders.com/en/sg/private-investor/,https://www.fundinfo.com/en/SG-prof/LandingPage?query,3859,Prospectus,
141096,SCHRODER ISF EM DEBT ABSOLUTE RETURN A DIST QF (SGD-H) CASH,LU0372678564,https://www.schroders.com/en/sg/private-investor/,https://www.fundinfo.com/en/SG-prof/LandingPage?query,3859,Prospectus,
141103,SCHRODER ISF GLOBAL CORPORATE BOND A DIS SV (SGD-H) Cash,LU0417518270,https://www.schroders.com/en/sg/private-investor/,https://www.fundinfo.com/en/SG-prof/LandingPage?query,3859,Prospectus,
141128,SCHRODER ISF ASIAN TOTAL RETURN A DIS AV (SGD),LU0553721365,https://www.schroders.com/en/sg/private-investor/,https://www.fundinfo.com/en/SG-prof/LandingPage?query,3859,Prospectus,
141149,SCHRODER ISF GLOBAL DIV MAXIMISER A DIS QF (EUR-H) Cash,LU0671501129,https://www.schroders.com/en/sg/private-investor/,https://www.fundinfo.com/en/SG-prof/LandingPage?query,3859,Prospectus,
141173,SCHRODER ISF GLOBAL MULTI-ASSET INCOME A DIS QV (EUR-H) Cash,LU0757360960,https://www.schroders.com/en/lu/private-investor/,https://www.fundinfo.com/en/SG-prof/LandingPage?query,3859,Prospectus,
141211,SCHRODER ISF GLOBAL MULTI-ASSET INCOME A DIS MF (SGD-H) Cash,LU0879622024,https://www.schroders.com/en/lu/private-investor/,https://www.fundinfo.com/en/SG-prof/LandingPage?query,3859,Prospectus,
141219,SCHRODER ISF JAPANESE EQUITY (USD-HEDGED) A ACC,LU0903425923,https://www.schroders.com/en/lu/private-investor/,https://www.fundinfo.com/en/SG-prof/LandingPage?query,3859,Prospectus,
141222,SCHRODER ISF GLOBAL MULTI-ASSET INCOME A DIS MF (GBP-H) Cash,LU0910996080,https://www.schroders.com/en/sg/private-investor/,https://www.fundinfo.com/en/SG-prof/LandingPage?query,3859,Prospectus,
141223,SCHRODER ISF GLOBAL MULTI-ASSET INCOME A DIS MFC (AUD-H) Cash,LU0911024122,https://www.schroders.com/en/sg/private-investor/,https://www.fundinfo.com/en/SG-prof/LandingPage?query,3859,Prospectus,
141231,SCHRODER ISF ASIAN DIVIDEND MAXIMISER A DIS MF (EUR-H) CASH,LU0955665376,https://www.schroders.com/en/sg/private-investor/,https://www.fundinfo.com/en/SG-prof/LandingPage?query,3859,Prospectus,
141232,SCHRODER ISF ASIAN DIVIDEND MAXIMISER A DIS MF (SGD) Cash,LU0955669360,https://www.schroders.com/en/sg/private-investor/,https://www.fundinfo.com/en/SG-prof/LandingPage?query,3859,Prospectus,
141233,Schroder ISF Global Multi-Asset Income (SGD-Hedged) A Acc,LU0960925393,https://www.schroders.com/en/sg/private-investor/,https://www.fundinfo.com/en/SG-prof/LandingPage?query,3859,Prospectus,
141234,Schroder ISF Global Multi-Asset Income (SGD) A Acc,LU0960925559,https://www.schroders.com/en/sg/private-investor/,https://www.fundinfo.com/en/SG-prof/LandingPage?query,3859,Prospectus,
141250,SCHRODER ISF EUROPEAN SUSTAINABLE VALUE A DIS MF (USD-H) Cash,LU0981932782,https://www.schroders.com/en/sg/private-investor/,https://www.fundinfo.com/en/SG-prof/LandingPage?query,3859,Prospectus,
141251,SCHRODER ISF EUROPEAN SUSTAINABLE VALUE A DIS MF (SGD-H) Cash,LU0981932865,https://www.schroders.com/en/sg/private-investor/,https://www.fundinfo.com/en/SG-prof/LandingPage?query,3859,Prospectus,
141266,SCHRODER ISF GLOBAL DIV MAXIMISER A DIS MFC (AUD-H) Cash,LU1046234412,https://www.schroders.com/en/sg/private-investor/,https://www.fundinfo.com/en/SG-prof/LandingPage?query,3859,Prospectus,
141286,SCHRODER ISF ASIAN DIVIDEND MAXIMISER A DIS MF (SGD-H) CASH,LU1130305938,https://www.schroders.com/en/sg/private-investor/,https://www.fundinfo.com/en/SG-prof/LandingPage?query,3859,Prospectus,
141287,SCHRODER ISF ASIAN DIVIDEND MAXIMISER A DIS MFC (AUD-H) CASH,LU1130306589,https://www.schroders.com/en/sg/private-investor/,https://www.fundinfo.com/en/SG-prof/LandingPage?query,3859,Prospectus,
141297,Schroder ISF Global Gold A Acc (USD),LU1223082196,https://www.schroders.com/en/sg/private-investor/,https://www.fundinfo.com/en/SG-prof/LandingPage?query,3859,Prospectus,
141298,SCHRODER ISF GLOBAL GOLD A ACC (EUR-H),LU1223083087,https://www.schroders.com/en/sg/private-investor/,https://www.fundinfo.com/en/SG-prof/LandingPage?query,3859,Prospectus,
141299,Schroder ISF Global Gold A Acc (SGD-H),LU1223083913,https://www.schroders.com/en/sg/private-investor/,https://www.fundinfo.com/en/SG-prof/LandingPage?query,3859,Prospectus,
141378,SCHRODER ISF ASIAN CREDIT OPPORTUNITIES A DIS (SGD-H) CASH,LU1859244672,https://www.schroders.com/en/sg/private-investor/,https://www.fundinfo.com/en/SG-prof/LandingPage?query,3859,Prospectus,