"master id","isin name","factsheet link","prospectus link"
"138024","HK0000081841","https://api.fundinfo.com/document/b3f783f579ba041d780be2a71780ae01_699098/MR_HK_en_HK0000081841_YES_2021-12-31.pdf?apiKey=b9934aa2-1a83-4286-b11b-c8415da9e581","https://api.fundinfo.com/document/fa78154a79ba634cee19ca37170aa201_397215/PR_HK_en_HK0000081841_YES_2021-10-30.pdf?apiKey=b9934aa2-1a83-4286-b11b-c8415da9e581"
"138097","SG9999001846","https://api.fundinfo.com/document/5de2e4a6fdd93d71382130b4c56eaf76_153764/MR_SG_en_SG9999001846_YES_2021-12-31.pdf?apiKey=b9934aa2-1a83-4286-b11b-c8415da9e581","https://api.fundinfo.com/document/3242c83d9bef46c93909d63515743ced_1970438/PR_SG_en_SG9999001846_YES_2021-06-17.pdf?apiKey=b9934aa2-1a83-4286-b11b-c8415da9e581"
"138098","SG9999000327","https://api.fundinfo.com/document/58a993766a03b50798d86a8875322ac0_151228/MR_SG_en_SG9999000327_YES_2021-12-31.pdf?apiKey=b9934aa2-1a83-4286-b11b-c8415da9e581","https://api.fundinfo.com/document/7fd9d6aff79300cf2c6d5fc8049b5f24_800162/PR_SG_en_SG9999000327_YES_2021-06-17.pdf?apiKey=b9934aa2-1a83-4286-b11b-c8415da9e581"
"138099","SG9999007991","https://api.fundinfo.com/document/f1fdaa3d14d4df719ea366728cba31b9_141089/MR_SG_en_SG9999007991_YES_2021-12-31.pdf?apiKey=b9934aa2-1a83-4286-b11b-c8415da9e581","https://api.fundinfo.com/document/0bf4f579f76266d036f0acab43f2e287_5176113/PR_SG_en_SG9999007991_YES_2021-12-24.pdf?apiKey=b9934aa2-1a83-4286-b11b-c8415da9e581"
"138100","SG9999006852","https://api.fundinfo.com/document/43a886b9d459ceda1e682996ea3f63b3_356465/MR_SG_en_SG9999006852_YES_2021-12-31.pdf?apiKey=b9934aa2-1a83-4286-b11b-c8415da9e581","https://api.fundinfo.com/document/0bf4f579f76266d036f0acab43f2e287_5176113/PR_SG_en_SG9999006852_YES_2021-12-24.pdf?apiKey=b9934aa2-1a83-4286-b11b-c8415da9e581"
"138101","LU0106250508","https://api.fundinfo.com/document/d54def580561ee9f8ad54b4c2ba98fdb_161436/MR_SG_en_LU0106250508_YES_2021-12-31.pdf?apiKey=b9934aa2-1a83-4286-b11b-c8415da9e581","https://api.fundinfo.com/document/c65da16c4a9e5a04513237c37f2cabc8_6337441/PR_SG_en_LU0106250508_YES_2022-01-14.pdf?apiKey=b9934aa2-1a83-4286-b11b-c8415da9e581"
"138102","LU0955623706","https://api.fundinfo.com/document/5699cf7198767ae09913b8e7bb11f79b_171104/MR_SG_en_LU0955623706_YES_2021-12-31.pdf?apiKey=b9934aa2-1a83-4286-b11b-c8415da9e581","https://api.fundinfo.com/document/c65da16c4a9e5a04513237c37f2cabc8_6337441/PR_SG_en_LU0955623706_YES_2022-01-14.pdf?apiKey=b9934aa2-1a83-4286-b11b-c8415da9e581"
"138103","LU0188438112","https://api.fundinfo.com/document/79790854092f991956896c9c2682a42d_172092/MR_SG_en_LU0188438112_YES_2021-12-31.pdf?apiKey=b9934aa2-1a83-4286-b11b-c8415da9e581","https://api.fundinfo.com/document/c65da16c4a9e5a04513237c37f2cabc8_6337441/PR_SG_en_LU0188438112_YES_2022-01-14.pdf?apiKey=b9934aa2-1a83-4286-b11b-c8415da9e581"
"138104","LU0106817157","https://api.fundinfo.com/document/5acf9b06db0ef216db49b15ba6670c25_162347/MR_SG_en_LU0106817157_YES_2021-12-31.pdf?apiKey=b9934aa2-1a83-4286-b11b-c8415da9e581","https://api.fundinfo.com/document/c65da16c4a9e5a04513237c37f2cabc8_6337441/PR_SG_en_LU0106817157_YES_2022-01-14.pdf?apiKey=b9934aa2-1a83-4286-b11b-c8415da9e581"
"138105","LU0106253197","https://api.fundinfo.com/document/106d89c2b04ea45ac0b22e9615d98716_164609/MR_SG_en_LU0106253197_YES_2021-12-31.pdf?apiKey=b9934aa2-1a83-4286-b11b-c8415da9e581","https://api.fundinfo.com/document/c65da16c4a9e5a04513237c37f2cabc8_6337441/PR_SG_en_LU0106253197_YES_2022-01-14.pdf?apiKey=b9934aa2-1a83-4286-b11b-c8415da9e581"
"138106","LU0106236267","https://api.fundinfo.com/document/1c0a2ddddba61e4bde6d6571f71c03fa_169939/MR_SG_en_LU0106236267_YES_2021-12-31.pdf?apiKey=b9934aa2-1a83-4286-b11b-c8415da9e581","https://api.fundinfo.com/document/c65da16c4a9e5a04513237c37f2cabc8_6337441/PR_SG_en_LU0106236267_YES_2022-01-14.pdf?apiKey=b9934aa2-1a83-4286-b11b-c8415da9e581"
"138107","LU0302445910","https://api.fundinfo.com/document/ac465ef71626c4e126aa69f9daede9b0_168973/MR_SG_en_LU0302445910_YES_2021-12-31.pdf?apiKey=b9934aa2-1a83-4286-b11b-c8415da9e581","https://api.fundinfo.com/document/c65da16c4a9e5a04513237c37f2cabc8_6337441/PR_SG_en_LU0302445910_YES_2022-01-14.pdf?apiKey=b9934aa2-1a83-4286-b11b-c8415da9e581"
"138108","LU0106258311","https://api.fundinfo.com/document/c5b20235226c1f7878cbe8994592b601_170673/MR_SG_en_LU0106258311_YES_2021-12-31.pdf?apiKey=b9934aa2-1a83-4286-b11b-c8415da9e581","https://api.fundinfo.com/document/c65da16c4a9e5a04513237c37f2cabc8_6337441/PR_SG_en_LU0106258311_YES_2022-01-14.pdf?apiKey=b9934aa2-1a83-4286-b11b-c8415da9e581"
"138109","LU0757359368","https://api.fundinfo.com/document/eb5f83b6b3a171baa3ba051022865900_158045/MR_SG_en_LU0757359368_YES_2021-12-31.pdf?apiKey=b9934aa2-1a83-4286-b11b-c8415da9e581","https://api.fundinfo.com/document/c65da16c4a9e5a04513237c37f2cabc8_6337441/PR_SG_en_LU0757359368_YES_2022-01-14.pdf?apiKey=b9934aa2-1a83-4286-b11b-c8415da9e581"
"138110","LU0314587907","https://api.fundinfo.com/document/06dbf4899b223e8eea9f32dc2f083485_159296/MR_SG_en_LU0314587907_YES_2021-12-31.pdf?apiKey=b9934aa2-1a83-4286-b11b-c8415da9e581","https://api.fundinfo.com/document/c65da16c4a9e5a04513237c37f2cabc8_6337441/PR_SG_en_LU0314587907_YES_2022-01-14.pdf?apiKey=b9934aa2-1a83-4286-b11b-c8415da9e581"
"138111","LU0201322137","https://api.fundinfo.com/document/8d8dfc94d3358e3da825fad416d16a41_154870/MR_SG_en_LU0201322137_YES_2021-12-31.pdf?apiKey=b9934aa2-1a83-4286-b11b-c8415da9e581","https://api.fundinfo.com/document/c65da16c4a9e5a04513237c37f2cabc8_6337441/PR_SG_en_LU0201322137_YES_2022-01-14.pdf?apiKey=b9934aa2-1a83-4286-b11b-c8415da9e581"
"138112","SG9999000277","https://api.fundinfo.com/document/9803198d173fde395fc583edbec3a76f_150081/MR_SG_en_SG9999000277_YES_2021-12-31.pdf?apiKey=b9934aa2-1a83-4286-b11b-c8415da9e581","https://api.fundinfo.com/document/a80e118f0fa527cf26b48acb1e6bc59a_904782/PR_SG_en_SG9999000277_YES_2021-06-17.pdf?apiKey=b9934aa2-1a83-4286-b11b-c8415da9e581"
"138113","SG9999000343","https://api.fundinfo.com/document/aad9e63a79efccee695f1f3294d868ff_148382/MR_SG_en_SG9999000343_YES_2021-12-31.pdf?apiKey=b9934aa2-1a83-4286-b11b-c8415da9e581","https://api.fundinfo.com/document/0f772a3eb36006667b34d80aaeec4694_953270/PR_SG_en_SG9999000343_YES_2021-12-01.pdf?apiKey=b9934aa2-1a83-4286-b11b-c8415da9e581"
"138131","LU1713307426","https://api.fundinfo.com/document/d31c1f5725faafb4c2542ec955022515_165421/MR_CH_en_LU1713307426_YES_2021-12-31.pdf?apiKey=b9934aa2-1a83-4286-b11b-c8415da9e581","https://api.fundinfo.com/document/8fc930231f62a04f42c8ebe9dd01ae71_2808722/PR_CH_en_LU1713307426_YES_2021-11-11.pdf?apiKey=b9934aa2-1a83-4286-b11b-c8415da9e581"
"138133","LU1725199209","https://api.fundinfo.com/document/77d81918c029a2cf921372669c999df0_161016/MR_CH_en_LU1725199209_YES_2021-12-31.pdf?apiKey=b9934aa2-1a83-4286-b11b-c8415da9e581","https://api.fundinfo.com/document/3a0a19c3244def5b159fb1302427d61e_767530/PR_CH_en_LU1725199209_YES_2021-08-01.pdf?apiKey=b9934aa2-1a83-4286-b11b-c8415da9e581"
"138140","LU1983299246","https://api.fundinfo.com/document/2cace1c2bf361e86525642b7d8fd39ed_254276/MR_CH_en_LU1983299246_YES_2021-12-31.pdf?apiKey=b9934aa2-1a83-4286-b11b-c8415da9e581","https://api.fundinfo.com/document/8fc930231f62a04f42c8ebe9dd01ae71_2808722/PR_CH_en_LU1983299246_YES_2021-11-11.pdf?apiKey=b9934aa2-1a83-4286-b11b-c8415da9e581"
"138153","LU0106235293","https://api.fundinfo.com/document/6060bc7aad036c37bcd4af07a2d15c21_282587/MR_CH_en_LU0106235293_YES_2021-12-31.pdf?apiKey=b9934aa2-1a83-4286-b11b-c8415da9e581","https://api.fundinfo.com/document/8fc930231f62a04f42c8ebe9dd01ae71_2808722/PR_CH_en_LU0106235293_YES_2021-11-11.pdf?apiKey=b9934aa2-1a83-4286-b11b-c8415da9e581"
"138154","LU0224508324","https://api.fundinfo.com/document/0409b21a1e4ac6c505796dcb63a0f72f_288433/MR_CH_en_LU0224508324_YES_2021-12-31.pdf?apiKey=b9934aa2-1a83-4286-b11b-c8415da9e581","https://api.fundinfo.com/document/8fc930231f62a04f42c8ebe9dd01ae71_2808722/PR_CH_en_LU0224508324_YES_2021-11-11.pdf?apiKey=b9934aa2-1a83-4286-b11b-c8415da9e581"
"138157","LU0228659784","https://api.fundinfo.com/document/1f1fec301c99934491bfefbe97b0e94f_326860/MR_CH_en_LU0228659784_YES_2021-12-31.pdf?apiKey=b9934aa2-1a83-4286-b11b-c8415da9e581","https://api.fundinfo.com/document/8fc930231f62a04f42c8ebe9dd01ae71_2808722/PR_CH_en_LU0228659784_YES_2021-11-11.pdf?apiKey=b9934aa2-1a83-4286-b11b-c8415da9e581"
"138165","LU1514167136","https://api.fundinfo.com/document/d64efb05626ea0692d925f457cf5abbd_317388/MR_CH_en_LU1514167136_YES_2021-12-31.pdf?apiKey=b9934aa2-1a83-4286-b11b-c8415da9e581","https://api.fundinfo.com/document/8fc930231f62a04f42c8ebe9dd01ae71_2808722/PR_CH_en_LU1514167136_YES_2021-11-11.pdf?apiKey=b9934aa2-1a83-4286-b11b-c8415da9e581"
"138168","LU0106259558","https://api.fundinfo.com/document/436061d25ef5be79086247b9c1bd603c_321368/MR_CH_en_LU0106259558_YES_2021-12-31.pdf?apiKey=b9934aa2-1a83-4286-b11b-c8415da9e581","https://api.fundinfo.com/document/8fc930231f62a04f42c8ebe9dd01ae71_2808722/PR_CH_en_LU0106259558_YES_2021-11-11.pdf?apiKey=b9934aa2-1a83-4286-b11b-c8415da9e581"
"138180","LU2055183474","https://api.fundinfo.com/document/8396dbb465967a0906f3ff1db33d3f34_143814/MR_GB_en_LU2055183474_YES_2021-12-31.pdf?apiKey=b9934aa2-1a83-4286-b11b-c8415da9e581","https://api.fundinfo.com/document/2a9a80291d1f8f94af3fa867bc1bd720_864829/PR_GB_en_LU2055183474_YES_2021-02-01.pdf?apiKey=b9934aa2-1a83-4286-b11b-c8415da9e581"
"138510","LU0757359954","https://api.fundinfo.com/document/fdd0e4c80c289e14c7364d805f04ab66_313606/MR_GB_en_LU0757359954_YES_2021-12-31.pdf?apiKey=b9934aa2-1a83-4286-b11b-c8415da9e581","https://api.fundinfo.com/document/55a8d464f0fb8756d9c02952a6a443c4_2800972/PR_GB_en_LU0757359954_YES_2021-09-01.pdf?apiKey=b9934aa2-1a83-4286-b11b-c8415da9e581"
"138549","LU0053903380","https://api.fundinfo.com/document/d4432937ee03b2228c8da991e3896711_332052/MR_GB_en_LU0053903380_YES_2021-12-31.pdf?apiKey=b9934aa2-1a83-4286-b11b-c8415da9e581","https://api.fundinfo.com/document/55a8d464f0fb8756d9c02952a6a443c4_2800972/PR_GB_en_LU0053903380_YES_2021-09-01.pdf?apiKey=b9934aa2-1a83-4286-b11b-c8415da9e581"
"138556","LU1995617070","https://api.fundinfo.com/document/456dc398ed9efd0595e1e5bfebf15e08_144993/MR_GB_en_LU1995617070_YES_2021-11-30.pdf?apiKey=b9934aa2-1a83-4286-b11b-c8415da9e581","https://api.fundinfo.com/document/2a9a80291d1f8f94af3fa867bc1bd720_864829/PR_GB_en_LU1995617070_YES_2021-02-01.pdf?apiKey=b9934aa2-1a83-4286-b11b-c8415da9e581"
"138558","LU1995616932","https://api.fundinfo.com/document/991ba5f3fc4f57349dfd40e34b688aff_145664/MR_GB_en_LU1995616932_YES_2021-11-30.pdf?apiKey=b9934aa2-1a83-4286-b11b-c8415da9e581","https://api.fundinfo.com/document/2a9a80291d1f8f94af3fa867bc1bd720_864829/PR_GB_en_LU1995616932_YES_2021-02-01.pdf?apiKey=b9934aa2-1a83-4286-b11b-c8415da9e581"
"138559","LU2055183557","https://api.fundinfo.com/document/79983ce44d37d2e6c787fb0fcef07bc2_143176/MR_GB_en_LU2055183557_YES_2022-01-17.pdf?apiKey=b9934aa2-1a83-4286-b11b-c8415da9e581","https://api.fundinfo.com/document/2a9a80291d1f8f94af3fa867bc1bd720_864829/PR_GB_en_LU2055183557_YES_2021-02-01.pdf?apiKey=b9934aa2-1a83-4286-b11b-c8415da9e581"
"138561","LU2055183805","https://api.fundinfo.com/document/4134921ada39e13e7893b039171a7dba_145706/MR_GB_en_LU2055183805_YES_2021-12-31.pdf?apiKey=b9934aa2-1a83-4286-b11b-c8415da9e581","https://api.fundinfo.com/document/2a9a80291d1f8f94af3fa867bc1bd720_864829/PR_GB_en_LU2055183805_YES_2021-02-01.pdf?apiKey=b9934aa2-1a83-4286-b11b-c8415da9e581"
"138568","LU1737068558","https://api.fundinfo.com/document/13edc5002940124625ef71aacfe6e1d7_298334/MR_GB_en_LU1737068558_YES_2021-12-31.pdf?apiKey=b9934aa2-1a83-4286-b11b-c8415da9e581","https://api.fundinfo.com/document/55a8d464f0fb8756d9c02952a6a443c4_2800972/PR_GB_en_LU1737068558_YES_2021-09-01.pdf?apiKey=b9934aa2-1a83-4286-b11b-c8415da9e581"
"138569","LU1514168027","https://api.fundinfo.com/document/8ab98dd76fdb146b49042c9273778287_322056/MR_GB_en_LU1514168027_YES_2021-12-31.pdf?apiKey=b9934aa2-1a83-4286-b11b-c8415da9e581","https://api.fundinfo.com/document/55a8d464f0fb8756d9c02952a6a443c4_2800972/PR_GB_en_LU1514168027_YES_2021-09-01.pdf?apiKey=b9934aa2-1a83-4286-b11b-c8415da9e581"
"138570","LU1514168530","https://api.fundinfo.com/document/992f23ad8fb8be91b47277df4686ebfb_319841/MR_GB_en_LU1514168530_YES_2021-12-31.pdf?apiKey=b9934aa2-1a83-4286-b11b-c8415da9e581","https://api.fundinfo.com/document/55a8d464f0fb8756d9c02952a6a443c4_2800972/PR_GB_en_LU1514168530_YES_2021-09-01.pdf?apiKey=b9934aa2-1a83-4286-b11b-c8415da9e581"
"138620","LU0080733339","https://api.fundinfo.com/document/a204a0284bcb2a63d3496d74d85a0c18_230345/MR_GB_en_LU0080733339_YES_2021-12-31.pdf?apiKey=b9934aa2-1a83-4286-b11b-c8415da9e581","https://api.fundinfo.com/document/55a8d464f0fb8756d9c02952a6a443c4_2800972/PR_GB_en_LU0080733339_YES_2021-09-01.pdf?apiKey=b9934aa2-1a83-4286-b11b-c8415da9e581"
"138652","LU0999521056","https://api.fundinfo.com/document/85dc0c9b7c8d975d14031fd0dacdb322_265711/MR_GB_en_LU0999521056_YES_2021-12-31.pdf?apiKey=b9934aa2-1a83-4286-b11b-c8415da9e581","https://api.fundinfo.com/document/55a8d464f0fb8756d9c02952a6a443c4_2800972/PR_GB_en_LU0999521056_YES_2021-09-01.pdf?apiKey=b9934aa2-1a83-4286-b11b-c8415da9e581"
"138653","LU0150928074","https://api.fundinfo.com/document/9759c437d2710c90c13f160dab14062d_278667/MR_GB_en_LU0150928074_YES_2021-12-31.pdf?apiKey=b9934aa2-1a83-4286-b11b-c8415da9e581","https://api.fundinfo.com/document/55a8d464f0fb8756d9c02952a6a443c4_2800972/PR_GB_en_LU0150928074_YES_2021-09-01.pdf?apiKey=b9934aa2-1a83-4286-b11b-c8415da9e581"
"138670","LU0192582467","https://api.fundinfo.com/document/140558dd6914b810488a78839c10cde7_335435/MR_GB_en_LU0192582467_YES_2021-12-31.pdf?apiKey=b9934aa2-1a83-4286-b11b-c8415da9e581","https://api.fundinfo.com/document/55a8d464f0fb8756d9c02952a6a443c4_2800972/PR_GB_en_LU0192582467_YES_2021-09-01.pdf?apiKey=b9934aa2-1a83-4286-b11b-c8415da9e581"
"138671","LU0820944071","https://api.fundinfo.com/document/63c75c4227544b9d99e0aa18fae45760_334455/MR_GB_en_LU0820944071_YES_2021-12-31.pdf?apiKey=b9934aa2-1a83-4286-b11b-c8415da9e581","https://api.fundinfo.com/document/55a8d464f0fb8756d9c02952a6a443c4_2800972/PR_GB_en_LU0820944071_YES_2021-09-01.pdf?apiKey=b9934aa2-1a83-4286-b11b-c8415da9e581"
"138672","LU0242608361","https://api.fundinfo.com/document/95dc7babfe27bf72dcb7e6e83fcab88c_334868/MR_GB_en_LU0242608361_YES_2021-12-31.pdf?apiKey=b9934aa2-1a83-4286-b11b-c8415da9e581","https://api.fundinfo.com/document/55a8d464f0fb8756d9c02952a6a443c4_2800972/PR_GB_en_LU0242608361_YES_2021-09-01.pdf?apiKey=b9934aa2-1a83-4286-b11b-c8415da9e581"
"138674","LU0248184466","https://api.fundinfo.com/document/e2e083e53139e6bdb7cb963e20b93ba0_320915/MR_GB_en_LU0248184466_YES_2021-12-31.pdf?apiKey=b9934aa2-1a83-4286-b11b-c8415da9e581","https://api.fundinfo.com/document/55a8d464f0fb8756d9c02952a6a443c4_2800972/PR_GB_en_LU0248184466_YES_2021-09-01.pdf?apiKey=b9934aa2-1a83-4286-b11b-c8415da9e581"
"138677","LU0181495838","https://api.fundinfo.com/document/0bcc8ecf421ecb05bcb5240462ce8695_188223/MR_GB_en_LU0181495838_YES_2021-12-31.pdf?apiKey=b9934aa2-1a83-4286-b11b-c8415da9e581","https://api.fundinfo.com/document/55a8d464f0fb8756d9c02952a6a443c4_2800972/PR_GB_en_LU0181495838_YES_2021-09-01.pdf?apiKey=b9934aa2-1a83-4286-b11b-c8415da9e581"
"138678","LU0242608874","https://api.fundinfo.com/document/7bbc329e3de5c6a6d1240b4a49ed81d6_187651/MR_GB_en_LU0242608874_YES_2021-12-31.pdf?apiKey=b9934aa2-1a83-4286-b11b-c8415da9e581","https://api.fundinfo.com/document/55a8d464f0fb8756d9c02952a6a443c4_2800972/PR_GB_en_LU0242608874_YES_2021-09-01.pdf?apiKey=b9934aa2-1a83-4286-b11b-c8415da9e581"
"138679","LU0955648018","https://api.fundinfo.com/document/6b2188d475402091456242e66cff3699_170989/MR_SG_en_LU0955648018_YES_2021-12-31.pdf?apiKey=b9934aa2-1a83-4286-b11b-c8415da9e581","https://api.fundinfo.com/document/c65da16c4a9e5a04513237c37f2cabc8_6337441/PR_SG_en_LU0955648018_YES_2022-01-14.pdf?apiKey=b9934aa2-1a83-4286-b11b-c8415da9e581"
"138681","LU0270814014","https://api.fundinfo.com/document/bfa1cbcc5b3fb0acf7b9816af039199d_562530/MR_HK_en_LU0270814014_YES_2021-12-31.pdf?apiKey=b9934aa2-1a83-4286-b11b-c8415da9e581","https://api.fundinfo.com/document/e2eb04a18fa22185e20afedcbaa03fea_8042857/PR_HK_en_LU0270814014_YES_2022-01-07.pdf?apiKey=b9934aa2-1a83-4286-b11b-c8415da9e581"
"138682","LU0244354667","https://api.fundinfo.com/document/432eef02f35b1dc5a9705975146e4c0b_574589/MR_HK_en_LU0244354667_YES_2021-12-31.pdf?apiKey=b9934aa2-1a83-4286-b11b-c8415da9e581","https://api.fundinfo.com/document/e2eb04a18fa22185e20afedcbaa03fea_8042857/PR_HK_en_LU0244354667_YES_2022-01-07.pdf?apiKey=b9934aa2-1a83-4286-b11b-c8415da9e581"
"138687","LU0140636845","https://api.fundinfo.com/document/38d3954a21c021e99918b681d95e0694_577513/MR_HK_en_LU0140636845_YES_2021-12-31.pdf?apiKey=b9934aa2-1a83-4286-b11b-c8415da9e581","https://api.fundinfo.com/document/e2eb04a18fa22185e20afedcbaa03fea_8042857/PR_HK_en_LU0140636845_YES_2022-01-07.pdf?apiKey=b9934aa2-1a83-4286-b11b-c8415da9e581"
"138703","LU2191243257","https://api.fundinfo.com/document/1e917127789c7c34018d560fc99cef10_259193/MR_IE_en_LU2191243257_YES_2021-12-31.pdf?apiKey=b9934aa2-1a83-4286-b11b-c8415da9e581","https://api.fundinfo.com/document/31284ccac6680fddf6460b7fae2acaf7_2911183/PR_IE_en_LU2191243257_YES_2021-09-30.pdf?apiKey=b9934aa2-1a83-4286-b11b-c8415da9e581"
"138711","LU1725200650","https://api.fundinfo.com/document/198c38bb0f24f4337676e54558a73c5e_163978/MR_CH_en_LU1725200650_YES_2021-12-31.pdf?apiKey=b9934aa2-1a83-4286-b11b-c8415da9e581","https://api.fundinfo.com/document/3a0a19c3244def5b159fb1302427d61e_767530/PR_CH_en_LU1725200650_YES_2021-08-01.pdf?apiKey=b9934aa2-1a83-4286-b11b-c8415da9e581"
"140771","LU0326950275","https://api.fundinfo.com/document/16b583c9e76e6bec32c41072f7b355d8_172515/MR_CH_en_LU0326950275_YES_2021-12-31.pdf?apiKey=b9934aa2-1a83-4286-b11b-c8415da9e581","https://api.fundinfo.com/document/8fc930231f62a04f42c8ebe9dd01ae71_2808722/PR_CH_en_LU0326950275_YES_2021-11-11.pdf?apiKey=b9934aa2-1a83-4286-b11b-c8415da9e581"
"140936","LU0012050729","https://api.fundinfo.com/document/236801f33cc1043490cde088b28bd917_331675/MR_CH_en_LU0012050729_YES_2021-12-31.pdf?apiKey=b9934aa2-1a83-4286-b11b-c8415da9e581","https://api.fundinfo.com/document/8fc930231f62a04f42c8ebe9dd01ae71_2808722/PR_CH_en_LU0012050729_YES_2021-11-11.pdf?apiKey=b9934aa2-1a83-4286-b11b-c8415da9e581"
"140966","LU0106239873","https://api.fundinfo.com/document/795c1b2923ac7dcd48bfb32c74a5248a_318948/MR_CH_en_LU0106239873_YES_2021-12-31.pdf?apiKey=b9934aa2-1a83-4286-b11b-c8415da9e581","https://api.fundinfo.com/document/8fc930231f62a04f42c8ebe9dd01ae71_2808722/PR_CH_en_LU0106239873_YES_2021-11-11.pdf?apiKey=b9934aa2-1a83-4286-b11b-c8415da9e581"
"140967","LU0106259046","https://api.fundinfo.com/document/8675e044527a39040c1b24da98911de9_181702/MR_CH_en_LU0106259046_YES_2021-12-31.pdf?apiKey=b9934aa2-1a83-4286-b11b-c8415da9e581","https://api.fundinfo.com/document/8fc930231f62a04f42c8ebe9dd01ae71_2808722/PR_CH_en_LU0106259046_YES_2021-11-11.pdf?apiKey=b9934aa2-1a83-4286-b11b-c8415da9e581"
"140979","LU0161305163","https://api.fundinfo.com/document/41e3ff800e0204618bb6faa53836e11f_192115/MR_CH_en_LU0161305163_YES_2021-12-31.pdf?apiKey=b9934aa2-1a83-4286-b11b-c8415da9e581","https://api.fundinfo.com/document/8fc930231f62a04f42c8ebe9dd01ae71_2808722/PR_CH_en_LU0161305163_YES_2021-11-11.pdf?apiKey=b9934aa2-1a83-4286-b11b-c8415da9e581"
"140990","LU0177592218","https://api.fundinfo.com/document/835f3123d7a84286529811da1d84561d_236856/MR_CH_en_LU0177592218_YES_2021-12-31.pdf?apiKey=b9934aa2-1a83-4286-b11b-c8415da9e581","https://api.fundinfo.com/document/8fc930231f62a04f42c8ebe9dd01ae71_2808722/PR_CH_en_LU0177592218_YES_2021-11-11.pdf?apiKey=b9934aa2-1a83-4286-b11b-c8415da9e581"
"140997","LU0216291897","https://api.fundinfo.com/document/f4d7a5a0cb106eb452312782921b2b8c_178022/MR_CH_en_LU0216291897_YES_2021-12-31.pdf?apiKey=b9934aa2-1a83-4286-b11b-c8415da9e581","https://api.fundinfo.com/document/8fc930231f62a04f42c8ebe9dd01ae71_2808722/PR_CH_en_LU0216291897_YES_2021-11-11.pdf?apiKey=b9934aa2-1a83-4286-b11b-c8415da9e581"
"141004","LU0232504117","https://api.fundinfo.com/document/3a6a58f4940aad2731a63b6917c0a0e5_134012/MR_SG_en_LU0232504117_YES_2021-12-31.pdf?apiKey=b9934aa2-1a83-4286-b11b-c8415da9e581","https://api.fundinfo.com/document/23423df6ee91af81e8928aeffd9c25f2_1515952/PR_SG_en_LU0232504117_YES_2022-01-19.pdf?apiKey=b9934aa2-1a83-4286-b11b-c8415da9e581"
"141006","LU0233036713","https://api.fundinfo.com/document/32e091a11c732bfc3b0009a60ea2254a_130529/MR_SG_en_LU0233036713_YES_2021-12-31.pdf?apiKey=b9934aa2-1a83-4286-b11b-c8415da9e581","https://api.fundinfo.com/document/23423df6ee91af81e8928aeffd9c25f2_1515952/PR_SG_en_LU0233036713_YES_2022-01-19.pdf?apiKey=b9934aa2-1a83-4286-b11b-c8415da9e581"
"141013","LU0256859116","https://api.fundinfo.com/document/25698e794a0af842f865227980b7455e_157659/MR_SG_en_LU0256859116_YES_2021-12-31.pdf?apiKey=b9934aa2-1a83-4286-b11b-c8415da9e581","https://api.fundinfo.com/document/c65da16c4a9e5a04513237c37f2cabc8_6337441/PR_SG_en_LU0256859116_YES_2022-01-14.pdf?apiKey=b9934aa2-1a83-4286-b11b-c8415da9e581"
"141023","LU0269904917","https://api.fundinfo.com/document/cde23dbf7e4d587f5948a93a1fa18a6b_171462/MR_SG_en_LU0269904917_YES_2021-12-31.pdf?apiKey=b9934aa2-1a83-4286-b11b-c8415da9e581","https://api.fundinfo.com/document/c65da16c4a9e5a04513237c37f2cabc8_6337441/PR_SG_en_LU0269904917_YES_2022-01-14.pdf?apiKey=b9934aa2-1a83-4286-b11b-c8415da9e581"
"141028","LU0279460462","https://api.fundinfo.com/document/77ede531baf36d5623d644efb85e3c67_170589/MR_SG_en_LU0279460462_YES_2021-12-31.pdf?apiKey=b9934aa2-1a83-4286-b11b-c8415da9e581","https://api.fundinfo.com/document/c65da16c4a9e5a04513237c37f2cabc8_6337441/PR_SG_en_LU0279460462_YES_2022-01-14.pdf?apiKey=b9934aa2-1a83-4286-b11b-c8415da9e581"
"141049","LU0306806265","https://api.fundinfo.com/document/23e18915f6adc06ee682a6e48cbc31a0_171185/MR_SG_en_LU0306806265_YES_2021-12-31.pdf?apiKey=b9934aa2-1a83-4286-b11b-c8415da9e581","https://api.fundinfo.com/document/c65da16c4a9e5a04513237c37f2cabc8_6337441/PR_SG_en_LU0306806265_YES_2022-01-14.pdf?apiKey=b9934aa2-1a83-4286-b11b-c8415da9e581"
"141050","LU0306807586","https://api.fundinfo.com/document/2c03ce9af020e396a325b21b0dc6c7ce_171136/MR_SG_en_LU0306807586_YES_2021-12-31.pdf?apiKey=b9934aa2-1a83-4286-b11b-c8415da9e581","https://api.fundinfo.com/document/c65da16c4a9e5a04513237c37f2cabc8_6337441/PR_SG_en_LU0306807586_YES_2022-01-14.pdf?apiKey=b9934aa2-1a83-4286-b11b-c8415da9e581"
"141055","LU0312595415","https://api.fundinfo.com/document/d510194b9c771f738539ddb19093829b_167485/MR_SG_en_LU0312595415_YES_2021-12-31.pdf?apiKey=b9934aa2-1a83-4286-b11b-c8415da9e581","https://api.fundinfo.com/document/c65da16c4a9e5a04513237c37f2cabc8_6337441/PR_SG_en_LU0312595415_YES_2022-01-14.pdf?apiKey=b9934aa2-1a83-4286-b11b-c8415da9e581"
"141058","LU0316459139","https://api.fundinfo.com/document/7d0c1062112857d136ecd35fdc1a49f2_158281/MR_SG_en_LU0316459139_YES_2021-12-31.pdf?apiKey=b9934aa2-1a83-4286-b11b-c8415da9e581","https://api.fundinfo.com/document/c65da16c4a9e5a04513237c37f2cabc8_6337441/PR_SG_en_LU0316459139_YES_2022-01-14.pdf?apiKey=b9934aa2-1a83-4286-b11b-c8415da9e581"
"141062","LU0319973649","https://api.fundinfo.com/document/3ec8302f7326b26731b3378fd165459d_129805/MR_SG_en_LU0319973649_YES_2021-12-31.pdf?apiKey=b9934aa2-1a83-4286-b11b-c8415da9e581","https://api.fundinfo.com/document/23423df6ee91af81e8928aeffd9c25f2_1515952/PR_SG_en_LU0319973649_YES_2022-01-19.pdf?apiKey=b9934aa2-1a83-4286-b11b-c8415da9e581"
"141076","LU0321505439","https://api.fundinfo.com/document/5ef82d051f5eccd45d56231f0ece1d4b_171281/MR_SG_en_LU0321505439_YES_2021-12-31.pdf?apiKey=b9934aa2-1a83-4286-b11b-c8415da9e581","https://api.fundinfo.com/document/c65da16c4a9e5a04513237c37f2cabc8_6337441/PR_SG_en_LU0321505439_YES_2022-01-14.pdf?apiKey=b9934aa2-1a83-4286-b11b-c8415da9e581"
"141077","LU0321505868","https://api.fundinfo.com/document/d84413bbf6405575440505b838704689_170150/MR_SG_en_LU0321505868_YES_2021-12-31.pdf?apiKey=b9934aa2-1a83-4286-b11b-c8415da9e581","https://api.fundinfo.com/document/c65da16c4a9e5a04513237c37f2cabc8_6337441/PR_SG_en_LU0321505868_YES_2022-01-14.pdf?apiKey=b9934aa2-1a83-4286-b11b-c8415da9e581"
"141080","LU0326948709","https://api.fundinfo.com/document/43067f20e4a2aba192444f4f68ffa186_166160/MR_SG_en_LU0326948709_YES_2021-12-31.pdf?apiKey=b9934aa2-1a83-4286-b11b-c8415da9e581","https://api.fundinfo.com/document/c65da16c4a9e5a04513237c37f2cabc8_6337441/PR_SG_en_LU0326948709_YES_2022-01-14.pdf?apiKey=b9934aa2-1a83-4286-b11b-c8415da9e581"
"141083","LU0339279753","https://api.fundinfo.com/document/fbc47859c47da7e7d9553f743860a572_158363/MR_SG_en_LU0339279753_YES_2021-12-31.pdf?apiKey=b9934aa2-1a83-4286-b11b-c8415da9e581","https://api.fundinfo.com/document/c65da16c4a9e5a04513237c37f2cabc8_6337441/PR_SG_en_LU0339279753_YES_2022-01-14.pdf?apiKey=b9934aa2-1a83-4286-b11b-c8415da9e581"
"141088","LU0358858032","https://api.fundinfo.com/document/a68dbeb723010cfd75347bfe9ecda92c_137945/MR_SG_en_LU0358858032_YES_2021-12-31.pdf?apiKey=b9934aa2-1a83-4286-b11b-c8415da9e581","https://api.fundinfo.com/document/c65da16c4a9e5a04513237c37f2cabc8_6337441/PR_SG_en_LU0358858032_YES_2022-01-14.pdf?apiKey=b9934aa2-1a83-4286-b11b-c8415da9e581"
"141096","LU0372678564","https://api.fundinfo.com/document/8dedbe58a0b3084d2700351b7a0ef90f_145468/MR_SG_en_LU0372678564_YES_2021-12-31.pdf?apiKey=b9934aa2-1a83-4286-b11b-c8415da9e581","https://api.fundinfo.com/document/c65da16c4a9e5a04513237c37f2cabc8_6337441/PR_SG_en_LU0372678564_YES_2022-01-14.pdf?apiKey=b9934aa2-1a83-4286-b11b-c8415da9e581"
"141103","LU0417518270","https://api.fundinfo.com/document/9a51b2a99076ba0ce9f07bf320ef8ed3_141362/MR_SG_en_LU0417518270_YES_2021-12-31.pdf?apiKey=b9934aa2-1a83-4286-b11b-c8415da9e581","https://api.fundinfo.com/document/c65da16c4a9e5a04513237c37f2cabc8_6337441/PR_SG_en_LU0417518270_YES_2022-01-14.pdf?apiKey=b9934aa2-1a83-4286-b11b-c8415da9e581"
"141128","LU0553721365","https://api.fundinfo.com/document/39a06fe7af6817cb9823954dd584a83e_165459/MR_SG_en_LU0553721365_YES_2021-12-31.pdf?apiKey=b9934aa2-1a83-4286-b11b-c8415da9e581","https://api.fundinfo.com/document/c65da16c4a9e5a04513237c37f2cabc8_6337441/PR_SG_en_LU0553721365_YES_2022-01-14.pdf?apiKey=b9934aa2-1a83-4286-b11b-c8415da9e581"
"141149","LU0671501129","https://api.fundinfo.com/document/b4a281847688a8128067293229babac6_140337/MR_SG_en_LU0671501129_YES_2021-12-31.pdf?apiKey=b9934aa2-1a83-4286-b11b-c8415da9e581","https://api.fundinfo.com/document/c65da16c4a9e5a04513237c37f2cabc8_6337441/PR_SG_en_LU0671501129_YES_2022-01-14.pdf?apiKey=b9934aa2-1a83-4286-b11b-c8415da9e581"
"141173","LU0757360960","https://api.fundinfo.com/document/1e6d8694a2beadd9d545ea80ab68f2b6_159296/MR_SG_en_LU0757360960_YES_2021-12-31.pdf?apiKey=b9934aa2-1a83-4286-b11b-c8415da9e581","https://api.fundinfo.com/document/c65da16c4a9e5a04513237c37f2cabc8_6337441/PR_SG_en_LU0757360960_YES_2022-01-14.pdf?apiKey=b9934aa2-1a83-4286-b11b-c8415da9e581"
"141211","LU0879622024","https://api.fundinfo.com/document/a9ead5c7fb91e9e9deb8d619ece33921_141267/MR_SG_en_LU0879622024_YES_2021-12-31.pdf?apiKey=b9934aa2-1a83-4286-b11b-c8415da9e581","https://api.fundinfo.com/document/c65da16c4a9e5a04513237c37f2cabc8_6337441/PR_SG_en_LU0879622024_YES_2022-01-14.pdf?apiKey=b9934aa2-1a83-4286-b11b-c8415da9e581"
"141219","LU0903425923","https://api.fundinfo.com/document/8bcab825ea5581582947ba6ec6e38a78_133928/MR_SG_en_LU0903425923_YES_2021-12-31.pdf?apiKey=b9934aa2-1a83-4286-b11b-c8415da9e581","https://api.fundinfo.com/document/c65da16c4a9e5a04513237c37f2cabc8_6337441/PR_SG_en_LU0903425923_YES_2022-01-14.pdf?apiKey=b9934aa2-1a83-4286-b11b-c8415da9e581"
"141222","LU0910996080","https://api.fundinfo.com/document/ef8042ff87d650b2f96c4db6141ad7c3_159535/MR_SG_en_LU0910996080_YES_2021-12-31.pdf?apiKey=b9934aa2-1a83-4286-b11b-c8415da9e581","https://api.fundinfo.com/document/c65da16c4a9e5a04513237c37f2cabc8_6337441/PR_SG_en_LU0910996080_YES_2022-01-14.pdf?apiKey=b9934aa2-1a83-4286-b11b-c8415da9e581"
"141223","LU0911024122","https://api.fundinfo.com/document/24a9100269c555244c09921ff4346d1b_139962/MR_SG_en_LU0911024122_YES_2021-12-31.pdf?apiKey=b9934aa2-1a83-4286-b11b-c8415da9e581","https://api.fundinfo.com/document/c65da16c4a9e5a04513237c37f2cabc8_6337441/PR_SG_en_LU0911024122_YES_2022-01-14.pdf?apiKey=b9934aa2-1a83-4286-b11b-c8415da9e581"
"141231","LU0955665376","https://api.fundinfo.com/document/9969e54e27a83f5313209d89d98b3d80_139844/MR_SG_en_LU0955665376_YES_2021-12-31.pdf?apiKey=b9934aa2-1a83-4286-b11b-c8415da9e581","https://api.fundinfo.com/document/c65da16c4a9e5a04513237c37f2cabc8_6337441/PR_SG_en_LU0955665376_YES_2022-01-14.pdf?apiKey=b9934aa2-1a83-4286-b11b-c8415da9e581"
"141232","LU0955669360","https://api.fundinfo.com/document/7ba63f62da1a9d699acaf351c588704c_168888/MR_SG_en_LU0955669360_YES_2021-12-31.pdf?apiKey=b9934aa2-1a83-4286-b11b-c8415da9e581","https://api.fundinfo.com/document/c65da16c4a9e5a04513237c37f2cabc8_6337441/PR_SG_en_LU0955669360_YES_2022-01-14.pdf?apiKey=b9934aa2-1a83-4286-b11b-c8415da9e581"
"141233","LU0960925393","https://api.fundinfo.com/document/ee1f45eb50c0a82b396076efc1123821_141114/MR_SG_en_LU0960925393_YES_2021-12-31.pdf?apiKey=b9934aa2-1a83-4286-b11b-c8415da9e581","https://api.fundinfo.com/document/c65da16c4a9e5a04513237c37f2cabc8_6337441/PR_SG_en_LU0960925393_YES_2022-01-14.pdf?apiKey=b9934aa2-1a83-4286-b11b-c8415da9e581"
"141234","LU0960925559","https://api.fundinfo.com/document/1619b43caed6263ebbf735b58de37b3e_158101/MR_SG_en_LU0960925559_YES_2021-12-31.pdf?apiKey=b9934aa2-1a83-4286-b11b-c8415da9e581","https://api.fundinfo.com/document/c65da16c4a9e5a04513237c37f2cabc8_6337441/PR_SG_en_LU0960925559_YES_2022-01-14.pdf?apiKey=b9934aa2-1a83-4286-b11b-c8415da9e581"
"141250","LU0981932782","https://api.fundinfo.com/document/1bd97d8b5c9d7dfa189acc2bfaab5fda_139920/MR_SG_en_LU0981932782_YES_2021-12-31.pdf?apiKey=b9934aa2-1a83-4286-b11b-c8415da9e581","https://api.fundinfo.com/document/c65da16c4a9e5a04513237c37f2cabc8_6337441/PR_SG_en_LU0981932782_YES_2022-01-14.pdf?apiKey=b9934aa2-1a83-4286-b11b-c8415da9e581"
"141251","LU0981932865","https://api.fundinfo.com/document/f4b67c108d179a9517bbb0e4261344ab_140168/MR_SG_en_LU0981932865_YES_2021-12-31.pdf?apiKey=b9934aa2-1a83-4286-b11b-c8415da9e581","https://api.fundinfo.com/document/c65da16c4a9e5a04513237c37f2cabc8_6337441/PR_SG_en_LU0981932865_YES_2022-01-14.pdf?apiKey=b9934aa2-1a83-4286-b11b-c8415da9e581"
"141266","LU1046234412","https://api.fundinfo.com/document/80690967e59d25c748b7afdb0510b0db_137212/MR_SG_en_LU1046234412_YES_2021-12-31.pdf?apiKey=b9934aa2-1a83-4286-b11b-c8415da9e581","https://api.fundinfo.com/document/c65da16c4a9e5a04513237c37f2cabc8_6337441/PR_SG_en_LU1046234412_YES_2022-01-14.pdf?apiKey=b9934aa2-1a83-4286-b11b-c8415da9e581"
"141286","LU1130305938","https://api.fundinfo.com/document/1e41e972656d513d99b186f6127a9ae7_139707/MR_SG_en_LU1130305938_YES_2021-12-31.pdf?apiKey=b9934aa2-1a83-4286-b11b-c8415da9e581","https://api.fundinfo.com/document/c65da16c4a9e5a04513237c37f2cabc8_6337441/PR_SG_en_LU1130305938_YES_2022-01-14.pdf?apiKey=b9934aa2-1a83-4286-b11b-c8415da9e581"
"141287","LU1130306589","https://api.fundinfo.com/document/b93e5388751099bf93ce87365da6b6ca_140020/MR_SG_en_LU1130306589_YES_2021-12-31.pdf?apiKey=b9934aa2-1a83-4286-b11b-c8415da9e581","https://api.fundinfo.com/document/c65da16c4a9e5a04513237c37f2cabc8_6337441/PR_SG_en_LU1130306589_YES_2022-01-14.pdf?apiKey=b9934aa2-1a83-4286-b11b-c8415da9e581"
"141297","LU1223082196","https://api.fundinfo.com/document/67f26e53240e094b854e62865d3dd523_157462/MR_SG_en_LU1223082196_YES_2021-12-31.pdf?apiKey=b9934aa2-1a83-4286-b11b-c8415da9e581","https://api.fundinfo.com/document/c65da16c4a9e5a04513237c37f2cabc8_6337441/PR_SG_en_LU1223082196_YES_2022-01-14.pdf?apiKey=b9934aa2-1a83-4286-b11b-c8415da9e581"
"141298","LU1223083087","https://api.fundinfo.com/document/2cd6841bf49bb04a29cdd915c8c9ee71_130515/MR_SG_en_LU1223083087_YES_2021-12-31.pdf?apiKey=b9934aa2-1a83-4286-b11b-c8415da9e581","https://api.fundinfo.com/document/c65da16c4a9e5a04513237c37f2cabc8_6337441/PR_SG_en_LU1223083087_YES_2022-01-14.pdf?apiKey=b9934aa2-1a83-4286-b11b-c8415da9e581"
"141299","LU1223083913","https://api.fundinfo.com/document/0f9ef162510c32847e2c2d05f73cd624_130496/MR_SG_en_LU1223083913_YES_2021-12-31.pdf?apiKey=b9934aa2-1a83-4286-b11b-c8415da9e581","https://api.fundinfo.com/document/c65da16c4a9e5a04513237c37f2cabc8_6337441/PR_SG_en_LU1223083913_YES_2022-01-14.pdf?apiKey=b9934aa2-1a83-4286-b11b-c8415da9e581"
"141378","LU1859244672","https://api.fundinfo.com/document/2b634179c11484293078a8737505129d_139325/MR_SG_en_LU1859244672_YES_2021-12-31.pdf?apiKey=b9934aa2-1a83-4286-b11b-c8415da9e581","https://api.fundinfo.com/document/c65da16c4a9e5a04513237c37f2cabc8_6337441/PR_SG_en_LU1859244672_YES_2022-01-14.pdf?apiKey=b9934aa2-1a83-4286-b11b-c8415da9e581"
"138170","LU1995616858","https://api.fundinfo.com/document/59d58cd2e032a41914a7a22888dccef5_130226/MR_SG_en_LU1995616858_RES_2021-12-31.pdf?apiKey=b9934aa2-1a83-4286-b11b-c8415da9e581","https://api.fundinfo.com/document/cf8745cd6b0f86c56c09a88a2d0d847e_863058/PR_LU_en_LU1995616858_YES_2021-02-01.pdf?apiKey=b9934aa2-1a83-4286-b11b-c8415da9e581"
"138555","LU1995616775","https://api.fundinfo.com/document/6bff4422aebca613ffca92d5e2e266bd_130220/MR_SG_en_LU1995616775_RES_2021-12-31.pdf?apiKey=b9934aa2-1a83-4286-b11b-c8415da9e581","https://api.fundinfo.com/document/cf8745cd6b0f86c56c09a88a2d0d847e_863058/PR_LU_en_LU1995616775_YES_2021-02-01.pdf?apiKey=b9934aa2-1a83-4286-b11b-c8415da9e581"
"138557","LU1995617310","https://api.fundinfo.com/document/b986e13905c50a5ab9058b859cc3ac54_132517/MR_SG_en_LU1995617310_RES_2021-12-31.pdf?apiKey=b9934aa2-1a83-4286-b11b-c8415da9e581","https://api.fundinfo.com/document/53f8599ba6978900d297fbc478ffb7e0_867589/PR_GB_en_LU1995617310_YES_2021-02-01.pdf?apiKey=b9934aa2-1a83-4286-b11b-c8415da9e581"
"138688","LU0199880310","https://api.fundinfo.com/document/90673df25df25205e7ad8a93f44e743d_186893/MR_GB_en_LU0199880310_YES_2021-12-31.pdf?apiKey=b9934aa2-1a83-4286-b11b-c8415da9e581","https://api.fundinfo.com/document/55a8d464f0fb8756d9c02952a6a443c4_2800972/PR_GB_en_LU0199880310_YES_2021-09-01.pdf?apiKey=b9934aa2-1a83-4286-b11b-c8415da9e581"